time/episodes,train/critic_loss,train/actor_loss,train/ent_coef_loss,time/time_elapsed,train/ent_coef,rollout/ep_rew_mean,time/fps,time/total_timesteps,train/n_updates,rollout/ep_len_mean,train/learning_rate,rollout/success_rate
4,0.07681307941675186,-1.4801030158996582,-0.30063414573669434,3,0.9140493273735046,-100.0,109,400,299,100.0,0.0003,0.0
8,0.06359469890594482,-1.4095052480697632,-0.7057437896728516,8,0.8106306791305542,-100.0,96,800,699,100.0,0.0003,0.0
12,0.04769378900527954,-1.340086817741394,-1.1039490699768066,13,0.7189468145370483,-100.0,86,1200,1099,100.0,0.0003,0.0
16,0.05967020243406296,-1.0512827634811401,-1.501784086227417,19,0.637656033039093,-100.0,84,1600,1499,100.0,0.0003,0.0
20,0.06033594161272049,-0.546191394329071,-1.9011365175247192,23,0.5656513571739197,-100.0,84,2000,1899,100.0,0.0003,0.0
24,0.05417141318321228,0.14232119917869568,-2.2731688022613525,28,0.501923143863678,-100.0,83,2400,2299,100.0,0.0003,0.0
28,0.06038579344749451,0.911410391330719,-2.675975799560547,33,0.44554784893989563,-100.0,83,2800,2699,100.0,0.0003,0.0
32,0.07080355286598206,1.5772285461425781,-2.9732255935668945,37,0.4034469425678253,-97.9375,83,3135,3034,97.96875,0.0003,0.03125
36,0.06634596735239029,2.259824514389038,-3.1981115341186523,41,0.36787232756614685,-95.75,83,3449,3348,95.80555555555556,0.0003,0.05555555555555555
40,0.058430105447769165,3.1885876655578613,-3.476006269454956,46,0.3322102129459381,-94.925,82,3800,3699,95.0,0.0003,0.075
44,0.05360063165426254,3.83716082572937,-3.6548991203308105,50,0.3006066679954529,-94.18181818181819,81,4148,4047,94.27272727272727,0.0003,0.09090909090909091
48,0.07278022170066833,4.6869611740112305,-3.7653770446777344,55,0.268414705991745,-94.66666666666667,81,4548,4447,94.75,0.0003,0.08333333333333333
52,0.06370220333337784,5.86234188079834,-3.843885660171509,60,0.24114738404750824,-94.73076923076923,81,4931,4830,94.82692307692308,0.0003,0.09615384615384616
56,0.07848940789699554,6.714593887329102,-4.137057304382324,64,0.2173251211643219,-94.625,81,5305,5204,94.73214285714286,0.0003,0.10714285714285714
60,0.06685434281826019,7.616401672363281,-4.304893493652344,68,0.19985729455947876,-93.35,81,5608,5507,93.46666666666667,0.0003,0.11666666666666667
64,0.0698355883359909,8.832499504089355,-4.363974571228027,73,0.1794470101594925,-93.765625,81,6008,5907,93.875,0.0003,0.109375
68,0.08848030865192413,9.638346672058105,-4.267611503601074,77,0.16404786705970764,-93.19117647058823,81,6345,6244,93.30882352941177,0.0003,0.11764705882352941
72,0.29639819264411926,10.613956451416016,-4.21169376373291,82,0.14775404334068298,-93.56944444444444,81,6745,6644,93.68055555555556,0.0003,0.1111111111111111
76,0.2981155514717102,11.699830055236816,-4.277060031890869,86,0.13539990782737732,-93.10526315789474,81,7085,6984,93.22368421052632,0.0003,0.11842105263157894
80,0.13630470633506775,12.497209548950195,-4.336920261383057,90,0.12484827637672424,-92.4625,81,7408,7307,92.6,0.0003,0.1375
84,0.13090790808200836,13.163612365722656,-3.789186716079712,94,0.11566489934921265,-91.72619047619048,81,7718,7617,91.88095238095238,0.0003,0.15476190476190477
88,0.6455178260803223,13.708745956420898,-3.6359381675720215,97,0.10923845320940018,-90.23863636363636,81,7956,7855,90.4090909090909,0.0003,0.17045454545454544
92,0.9399827718734741,14.749198913574219,-3.5754706859588623,101,0.10114521533250809,-89.91304347826087,81,8288,8187,90.08695652173913,0.0003,0.17391304347826086
96,0.1850779801607132,15.227140426635742,-3.240858793258667,104,0.09586399793624878,-88.63541666666667,81,8528,8427,88.83333333333333,0.0003,0.19791666666666666
100,0.23440855741500854,15.9110689163208,-3.1284615993499756,107,0.09016814827919006,-87.81,81,8802,8701,88.02,0.0003,0.21
104,2.125288486480713,16.763954162597656,-2.9736320972442627,112,0.08328554034233093,-87.7,81,9192,9091,87.92,0.0003,0.22
108,0.1678343415260315,16.79375457763672,-2.258341073989868,113,0.0815703496336937,-84.75,81,9301,9200,85.01,0.0003,0.26
112,2.3348162174224854,17.36545181274414,-1.7827067375183105,117,0.07719401270151138,-83.76,81,9603,9502,84.03,0.0003,0.27
116,0.29994168877601624,18.3048038482666,-1.5073202848434448,121,0.07386281341314316,-82.77,81,9905,9804,83.05,0.0003,0.28
120,1.4929206371307373,18.045446395874023,-0.6339339017868042,125,0.07133203744888306,-81.82,81,10211,10110,82.11,0.0003,0.29
124,0.8219351768493652,17.836528778076172,-0.32003313302993774,130,0.06945741176605225,-81.82,81,10611,10510,82.11,0.0003,0.29
128,0.3120446503162384,18.551326751708984,0.07094331085681915,135,0.06866656988859177,-81.82,81,11011,10910,82.11,0.0003,0.29
132,0.5375714898109436,18.57817268371582,0.3038555979728699,138,0.06865391135215759,-81.22,81,11287,11186,81.52,0.0003,0.3
136,0.6738543510437012,18.818389892578125,-0.29202204942703247,141,0.06883212178945541,-80.75,81,11555,11454,81.06,0.0003,0.31
140,0.8135528564453125,19.11406135559082,0.11053916811943054,144,0.06930933892726898,-79.45,81,11777,11676,79.77,0.0003,0.32
144,0.7631202340126038,18.966947555541992,0.18596552312374115,148,0.07038877159357071,-79.2,81,12100,11999,79.52,0.0003,0.32
148,0.5165094137191772,20.133039474487305,0.20003041625022888,151,0.07106851041316986,-77.03,81,12286,12185,77.38,0.0003,0.35
152,0.517008900642395,19.258220672607422,-0.10123506188392639,152,0.07166371494531631,-74.4,81,12408,12307,74.77,0.0003,0.37
156,0.5105899572372437,19.702991485595703,0.14650258421897888,154,0.0721752718091011,-72.13,81,12557,12456,72.52,0.0003,0.39
160,0.6957511901855469,19.953399658203125,0.34694263339042664,156,0.07327740639448166,-70.81,81,12730,12629,71.22,0.0003,0.41
164,0.9713001847267151,19.186935424804688,0.21124407649040222,159,0.07550828903913498,-68.97,81,12948,12847,69.4,0.0003,0.43
168,1.1574268341064453,20.422590255737305,0.005844324827194214,163,0.07820923626422882,-68.79,80,13268,13167,69.23,0.0003,0.44
172,1.2297821044921875,19.8181209564209,-0.016600459814071655,166,0.07961371541023254,-66.98,80,13489,13388,67.44,0.0003,0.46
176,3.6426241397857666,19.510379791259766,0.49906471371650696,170,0.08144017308950424,-66.61,80,13792,13691,67.07,0.0003,0.46
180,1.9105582237243652,20.24404525756836,-0.47734540700912476,173,0.08277147263288498,-65.49,80,14003,13902,65.95,0.0003,0.46
184,0.6458353400230408,20.451339721679688,0.5177625417709351,174,0.08318480849266052,-63.74,80,14139,14038,64.21,0.0003,0.47
188,1.3577462434768677,20.278141021728516,0.057033151388168335,177,0.08535102754831314,-63.45,80,14348,14247,63.92,0.0003,0.47
192,1.6495740413665771,19.293996810913086,0.5203719139099121,181,0.08781097829341888,-63.17,80,14652,14551,63.64,0.0003,0.47
196,4.435302734375,19.90863800048828,-0.07797398418188095,184,0.09063732624053955,-62.88,80,14862,14761,63.34,0.0003,0.46
200,1.5094820261001587,20.21437644958496,-0.3435205817222595,185,0.09159453213214874,-60.91,80,14941,14840,61.39,0.0003,0.48
204,4.360729217529297,18.816743850708008,0.5418975949287415,188,0.09401233494281769,-59.31,80,15173,15072,59.81,0.0003,0.5
208,3.02337384223938,20.022693634033203,0.37204158306121826,192,0.09780077636241913,-61.76,80,15524,15423,62.23,0.0003,0.47
212,0.8764731884002686,19.699745178222656,0.45139092206954956,193,0.09853693097829819,-59.17,80,15570,15469,59.67,0.0003,0.5
216,0.571967363357544,19.859172821044922,0.12893056869506836,195,0.10160649567842484,-58.06,80,15763,15662,58.58,0.0003,0.52
220,0.8592715859413147,19.88489532470703,0.26129281520843506,197,0.1034117192029953,-56.4,80,15905,15804,56.94,0.0003,0.54
224,5.899364948272705,19.42540740966797,0.09635431319475174,199,0.10510271787643433,-54.62,80,16129,16028,55.18,0.0003,0.56
228,4.569613456726074,20.386287689208984,0.06139203906059265,200,0.10504021495580673,-51.05,80,16176,16075,51.65,0.0003,0.6
232,1.4285736083984375,20.430824279785156,0.42506134510040283,203,0.10691890120506287,-50.61,80,16408,16307,51.21,0.0003,0.6
236,4.842781066894531,20.06885528564453,-0.36313486099243164,205,0.10845780372619629,-49.54,80,16571,16470,50.16,0.0003,0.62
240,4.886452674865723,20.518051147460938,-0.13029038906097412,209,0.10793839395046234,-49.51,80,16790,16689,50.13,0.0003,0.62
244,0.9827749729156494,20.71054458618164,-0.24824681878089905,211,0.10992386192083359,-48.36,80,16999,16898,48.99,0.0003,0.63
248,0.964191734790802,21.919109344482422,0.020118623971939087,215,0.11215730756521225,-49.56,80,17303,17202,50.17,0.0003,0.61
252,1.5437450408935547,20.416168212890625,-0.12684336304664612,216,0.1123710349202156,-48.66,80,17336,17235,49.28,0.0003,0.62
256,10.596431732177734,19.172138214111328,-0.19714529812335968,217,0.11185986548662186,-47.6,80,17380,17279,48.23,0.0003,0.63
260,6.100252628326416,19.239608764648438,0.00862324982881546,221,0.11307588964700699,-49.21,79,17712,17611,49.82,0.0003,0.61
264,12.010347366333008,20.28122901916504,-0.2148658037185669,223,0.1137022078037262,-48.28,79,17838,17737,48.9,0.0003,0.62
268,7.319162368774414,20.79724884033203,0.09665734320878983,223,0.11380350589752197,-45.29,79,17861,17760,45.93,0.0003,0.64
272,4.50146484375,19.662357330322266,0.03604802489280701,226,0.11552360653877258,-45.44,79,18097,17996,46.08,0.0003,0.64
276,5.466318130493164,19.067928314208984,0.37043946981430054,228,0.11646747589111328,-43.56,79,18214,18113,44.22,0.0003,0.66
280,13.014815330505371,19.37482452392578,-0.18787825107574463,232,0.12145137041807175,-44.57,79,18525,18424,45.22,0.0003,0.65
284,2.895984411239624,20.320146560668945,-0.2439207136631012,234,0.12258128076791763,-44.41,79,18645,18544,45.06,0.0003,0.65
288,4.247954368591309,20.30327796936035,0.06725399196147919,238,0.1269248127937317,-45.26,79,18939,18838,45.91,0.0003,0.65
292,4.853658676147461,20.77387237548828,0.3161279261112213,242,0.1285911649465561,-45.24,79,19241,19140,45.89,0.0003,0.65
296,2.758277654647827,19.65814971923828,0.11281396448612213,243,0.12930844724178314,-44.33,79,19361,19260,44.99,0.0003,0.66
300,4.497089862823486,19.03467559814453,-0.23506811261177063,244,0.12973368167877197,-43.93,79,19400,19299,44.59,0.0003,0.66
304,2.399374485015869,18.876861572265625,-0.30491042137145996,246,0.1296585351228714,-43.4,79,19579,19478,44.06,0.0003,0.66
308,5.652865409851074,18.55644416809082,0.14016160368919373,247,0.13063713908195496,-40.92,79,19685,19584,41.61,0.0003,0.69
312,2.936281204223633,19.13825225830078,-0.14595624804496765,248,0.13055852055549622,-40.98,79,19737,19636,41.67,0.0003,0.69
316,3.0832056999206543,19.776893615722656,-0.1648707240819931,253,0.13037517666816711,-42.66,79,20096,19995,43.33,0.0003,0.67
320,2.2226243019104004,19.845104217529297,-0.22908997535705566,254,0.12935665249824524,-42.59,79,20231,20130,43.26,0.0003,0.67
324,4.596459865570068,19.219322204589844,-0.31716156005859375,256,0.12849391996860504,-41.46,79,20343,20242,42.14,0.0003,0.68
328,3.3762245178222656,18.935319900512695,-0.062421124428510666,259,0.1294206827878952,-43.37,79,20579,20478,44.03,0.0003,0.66
332,8.317033767700195,17.893474578857422,0.24325773119926453,261,0.12909254431724548,-42.75,79,20750,20649,43.42,0.0003,0.67
336,1.4419665336608887,20.300609588623047,-0.19986087083816528,264,0.12956170737743378,-43.23,79,20960,20859,43.89,0.0003,0.66
340,3.3923325538635254,17.472206115722656,0.13409143686294556,267,0.13056468963623047,-43.71,79,21227,21126,44.37,0.0003,0.66
344,2.708996295928955,17.788875579833984,0.09708993881940842,271,0.13097238540649414,-44.72,79,21536,21435,45.37,0.0003,0.65
348,4.080077171325684,18.738651275634766,-0.2584826946258545,274,0.13222114741802216,-43.92,79,21761,21660,44.58,0.0003,0.66
352,1.1453008651733398,18.764583587646484,0.05855397507548332,275,0.1333155632019043,-44.56,79,21858,21757,45.22,0.0003,0.66
356,1.8022420406341553,18.730663299560547,0.09386177361011505,277,0.1323648989200592,-45.35,79,21980,21879,46.0,0.0003,0.65
360,3.874263286590576,18.312149047851562,-0.34075379371643066,279,0.13125641644001007,-43.89,79,22168,22067,44.56,0.0003,0.67
364,1.2492458820343018,18.8465518951416,-0.032348185777664185,284,0.13139434158802032,-46.66,79,22568,22467,47.3,0.0003,0.64
368,4.608984470367432,17.025819778442383,0.29718002676963806,286,0.13179312646389008,-47.89,79,22713,22612,48.52,0.0003,0.63
372,4.9355292320251465,17.782642364501953,0.269991010427475,288,0.1308356076478958,-46.8,79,22841,22740,47.44,0.0003,0.64
376,1.0426783561706543,18.661598205566406,-0.16149616241455078,291,0.13016770780086517,-48.11,79,23088,22987,48.74,0.0003,0.63
380,0.9347620606422424,18.32176971435547,-0.28558045625686646,293,0.13037186861038208,-46.82,79,23272,23171,47.47,0.0003,0.65
384,12.818857192993164,17.167884826660156,-0.41734564304351807,295,0.12963275611400604,-47.33,79,23443,23342,47.98,0.0003,0.65
388,4.26739501953125,17.01678466796875,0.1160181388258934,298,0.13131698966026306,-46.59,79,23664,23563,47.25,0.0003,0.66
392,7.909003734588623,17.860431671142578,-0.1523015797138214,299,0.13205687701702118,-44.39,79,23749,23648,45.08,0.0003,0.69
396,1.3891156911849976,17.345584869384766,-0.08154928684234619,300,0.13301953673362732,-43.93,79,23824,23723,44.63,0.0003,0.7
400,4.649453163146973,17.89749526977539,0.08085708320140839,300,0.13254788517951965,-44.11,79,23881,23780,44.81,0.0003,0.7
404,1.8171254396438599,18.754764556884766,-0.018161606043577194,303,0.13291384279727936,-44.1,79,24059,23958,44.8,0.0003,0.7
408,1.9962842464447021,18.43408966064453,-0.21482804417610168,305,0.1309180110692978,-45.22,79,24275,24174,45.9,0.0003,0.68
412,1.4961634874343872,18.07195281982422,-0.1044859066605568,307,0.1304025948047638,-46.2,79,24424,24323,46.87,0.0003,0.67
416,3.7294583320617676,17.670543670654297,0.08351591229438782,308,0.13049229979515076,-43.29,79,24495,24394,43.99,0.0003,0.7
420,1.8340821266174316,17.77486801147461,-0.28490597009658813,312,0.13110482692718506,-44.94,79,24794,24693,45.63,0.0003,0.69
424,1.4062256813049316,17.939847946166992,0.022639334201812744,314,0.13182680308818817,-45.18,79,24930,24829,45.87,0.0003,0.69
428,0.8841885924339294,19.062192916870117,-0.2577816843986511,315,0.13229550421237946,-44.25,79,25074,24973,44.95,0.0003,0.7
432,3.033275604248047,18.62613296508789,-0.016715437173843384,318,0.13229133188724518,-44.73,79,25292,25191,45.42,0.0003,0.69
436,5.532240867614746,16.699726104736328,0.3643099367618561,319,0.13236895203590393,-43.82,79,25411,25310,44.51,0.0003,0.69
440,1.9248946905136108,17.84943962097168,0.44810211658477783,321,0.13391314446926117,-42.43,79,25540,25439,43.13,0.0003,0.7
444,6.956915855407715,17.72917366027832,-0.02367483079433441,323,0.13503943383693695,-40.52,79,25661,25560,41.25,0.0003,0.73
448,1.173943281173706,18.74319839477539,-0.31967848539352417,327,0.13775083422660828,-41.62,79,25995,25894,42.34,0.0003,0.72
452,4.635626316070557,17.874244689941406,0.15809565782546997,330,0.13870565593242645,-42.96,79,26224,26123,43.66,0.0003,0.7
456,1.9580470323562622,17.884328842163086,-0.10127782821655273,336,0.1397339403629303,-45.77,79,26624,26523,46.44,0.0003,0.67
460,2.5711441040039062,17.845745086669922,0.0539829358458519,338,0.1405755877494812,-45.31,79,26766,26665,45.98,0.0003,0.67
464,7.753827095031738,16.621841430664062,0.1487622708082199,341,0.14086271822452545,-43.67,79,27004,26903,44.36,0.0003,0.69
468,1.900745153427124,17.156370162963867,0.21195052564144135,344,0.1414746642112732,-44.55,79,27237,27136,45.24,0.0003,0.69
472,2.812702178955078,18.41665267944336,0.17421136796474457,345,0.1401006579399109,-44.45,79,27355,27254,45.14,0.0003,0.69
476,2.4602420330047607,17.105453491210938,0.4105733633041382,348,0.14047296345233917,-44.1,79,27568,27467,44.8,0.0003,0.7
480,3.6154098510742188,17.646486282348633,-0.324998140335083,352,0.14216595888137817,-45.48,79,27888,27787,46.16,0.0003,0.68
484,5.54743766784668,18.525129318237305,-0.4672646224498749,354,0.14235559105873108,-45.09,79,28020,27919,45.77,0.0003,0.68
488,1.6914489269256592,17.681026458740234,0.07532420754432678,354,0.1420704424381256,-43.2,79,28053,27952,43.89,0.0003,0.69
492,9.817207336425781,17.97789764404297,0.15414966642856598,357,0.1421082466840744,-44.58,79,28275,28174,45.26,0.0003,0.68
496,2.0239381790161133,18.21466064453125,-0.15669997036457062,359,0.1426660716533661,-45.24,79,28415,28314,45.91,0.0003,0.67
500,4.7657365798950195,17.40273666381836,0.18690022826194763,361,0.14303909242153168,-46.14,79,28561,28460,46.8,0.0003,0.66
504,1.6194709539413452,18.491657257080078,-0.10077084600925446,362,0.1432812362909317,-45.49,79,28674,28573,46.15,0.0003,0.66
508,3.276306390762329,18.35028839111328,0.23409759998321533,366,0.14463217556476593,-46.38,78,28978,28877,47.03,0.0003,0.65
512,1.8798812627792358,17.36258888244629,0.29411473870277405,367,0.14512665569782257,-45.25,78,29015,28914,45.91,0.0003,0.66
516,2.552614688873291,18.636474609375,-0.032170601189136505,369,0.14457333087921143,-45.82,78,29142,29041,46.47,0.0003,0.65
520,0.8646671175956726,18.945453643798828,-0.16114971041679382,373,0.14866496622562408,-45.91,78,29449,29348,46.55,0.0003,0.64
524,5.907585620880127,18.737133026123047,-0.018063783645629883,376,0.14918793737888336,-46.78,78,29671,29570,47.41,0.0003,0.63
528,1.9455723762512207,18.768482208251953,-0.24726271629333496,377,0.14926782250404358,-46.15,78,29753,29652,46.79,0.0003,0.64
532,4.02020788192749,18.606382369995117,-0.2116476148366928,379,0.14868272840976715,-45.66,78,29923,29822,46.31,0.0003,0.65
536,4.54870080947876,17.494007110595703,0.20741575956344604,382,0.1501707136631012,-46.91,78,30166,30065,47.55,0.0003,0.64
540,4.195289611816406,18.501604080200195,0.006725490093231201,385,0.14945074915885925,-47.94,78,30397,30296,48.57,0.0003,0.63
544,6.973755836486816,17.625192642211914,0.042950402945280075,388,0.14882786571979523,-48.84,78,30607,30506,49.46,0.0003,0.62
548,10.94870376586914,16.92984962463379,0.06750629842281342,390,0.1488712579011917,-46.85,78,30744,30643,47.49,0.0003,0.64
552,1.673898458480835,18.149547576904297,-0.38170480728149414,392,0.14968155324459076,-46.29,78,30918,30817,46.94,0.0003,0.65
556,5.995628356933594,18.121776580810547,-0.05357449874281883,395,0.15053783357143402,-44.49,78,31141,31040,45.17,0.0003,0.68
560,3.0548298358917236,17.951221466064453,-0.08384329080581665,398,0.15169204771518707,-45.49,78,31383,31282,46.17,0.0003,0.68
564,7.857192039489746,17.954071044921875,-0.17799852788448334,399,0.1511121690273285,-43.83,78,31457,31356,44.53,0.0003,0.7
568,5.870578765869141,18.555118560791016,-0.19437190890312195,402,0.15072521567344666,-43.65,78,31672,31571,44.35,0.0003,0.7
572,4.397727966308594,17.3569393157959,0.12687227129936218,404,0.15120083093643188,-44.6,78,31886,31785,45.31,0.0003,0.71
576,11.517428398132324,18.490089416503906,0.25907331705093384,405,0.1517159342765808,-43.2,78,31960,31859,43.92,0.0003,0.72
580,4.267062187194824,17.197267532348633,-0.24880611896514893,408,0.15183797478675842,-42.21,78,32182,32081,42.94,0.0003,0.73
584,2.196183443069458,18.020734786987305,-0.28344008326530457,411,0.15229180455207825,-43.32,78,32424,32323,44.04,0.0003,0.72
588,2.6381921768188477,17.64846420288086,0.18147340416908264,414,0.1518867313861847,-45.4,78,32663,32562,46.1,0.0003,0.7
592,8.982209205627441,17.089099884033203,-0.31492793560028076,416,0.15216097235679626,-44.56,78,32801,32700,45.26,0.0003,0.7
596,1.6305592060089111,18.17963409423828,-0.2479918748140335,419,0.15302394330501556,-44.99,78,32984,32883,45.69,0.0003,0.7
600,1.8713560104370117,18.23900604248047,0.4387149214744568,421,0.15414667129516602,-45.04,78,33135,33034,45.74,0.0003,0.7
604,2.63986873626709,17.454029083251953,0.26185065507888794,421,0.1544148027896881,-44.17,78,33162,33061,44.88,0.0003,0.71
608,1.4663989543914795,18.264123916625977,0.12224043905735016,422,0.15460236370563507,-41.48,78,33200,33099,42.22,0.0003,0.74
612,6.352146148681641,18.68912124633789,0.1667693555355072,427,0.15522900223731995,-44.66,78,33552,33451,45.37,0.0003,0.71
616,2.61344051361084,18.29473876953125,0.07112829387187958,429,0.15627260506153107,-45.67,78,33779,33678,46.37,0.0003,0.7
620,3.3947887420654297,17.86348533630371,0.13755148649215698,433,0.15749423205852509,-45.78,78,34097,33996,46.48,0.0003,0.7
624,3.646554946899414,18.492300033569336,-0.23852930963039398,437,0.1592710018157959,-46.56,78,34397,34296,47.26,0.0003,0.7
628,1.20154869556427,18.295764923095703,-0.2321595549583435,438,0.158504456281662,-46.58,78,34481,34380,47.28,0.0003,0.7
632,5.485819339752197,18.222469329833984,-0.11966271698474884,440,0.15884913504123688,-46.02,78,34596,34495,46.73,0.0003,0.71
636,4.813484191894531,19.209274291992188,-0.3344901204109192,442,0.158781960606575,-45.15,78,34753,34652,45.87,0.0003,0.72
640,2.737290382385254,17.587587356567383,0.35225698351860046,442,0.1585512012243271,-43.13,78,34784,34683,43.87,0.0003,0.74
644,2.069126605987549,17.981884002685547,0.11765487492084503,444,0.1590789556503296,-42.74,78,34955,34854,43.48,0.0003,0.74
648,4.373622894287109,18.26233673095703,0.001559767872095108,445,0.1589481085538864,-41.97,78,35016,34915,42.72,0.0003,0.75
652,1.3268784284591675,19.783445358276367,0.15178099274635315,448,0.15901125967502594,-42.56,78,35248,35147,43.3,0.0003,0.74
656,2.639484405517578,17.4313907623291,0.32887762784957886,450,0.1598149687051773,-41.81,78,35396,35295,42.55,0.0003,0.74
660,9.842044830322266,19.163915634155273,-0.05539494752883911,454,0.16194534301757812,-42.54,78,35709,35608,43.26,0.0003,0.72
664,6.758755683898926,18.581769943237305,0.15584130585193634,455,0.16175615787506104,-42.63,78,35792,35691,43.35,0.0003,0.72
668,7.055543899536133,18.689697265625,0.32067352533340454,457,0.16134223341941833,-42.18,78,35962,35861,42.9,0.0003,0.72
672,9.00532341003418,17.607940673828125,0.13413006067276,458,0.16171547770500183,-40.34,78,35992,35891,41.06,0.0003,0.72
676,9.16360092163086,17.36507797241211,0.24935440719127655,462,0.16332024335861206,-42.7,78,36299,36198,43.39,0.0003,0.69
680,4.332810401916504,17.27881622314453,-0.11204276978969574,464,0.1628325879573822,-41.54,78,36407,36306,42.25,0.0003,0.71
684,6.167947292327881,18.176227569580078,-0.6262627243995667,467,0.16097582876682281,-41.61,78,36656,36555,42.32,0.0003,0.71
688,3.782930374145508,19.140214920043945,0.0934944748878479,471,0.1570899486541748,-41.98,78,36932,36831,42.69,0.0003,0.71
692,2.816728115081787,19.060932159423828,-0.11483509093523026,475,0.15688128769397736,-43.46,78,37217,37116,44.16,0.0003,0.7
696,9.430437088012695,18.53592872619629,0.4881821572780609,477,0.15493835508823395,-43.04,78,37358,37257,43.74,0.0003,0.7
700,4.548709869384766,19.259944915771484,-0.27231594920158386,480,0.15379799902439117,-44.28,78,37632,37531,44.97,0.0003,0.69
704,2.828622817993164,18.29801368713379,0.010962873697280884,482,0.15241077542304993,-45.16,78,37747,37646,45.85,0.0003,0.69
708,1.4788508415222168,18.787220001220703,-0.34849411249160767,483,0.1521013230085373,-45.71,78,37840,37739,46.4,0.0003,0.69
712,5.794696807861328,18.375465393066406,-0.48816657066345215,485,0.14904555678367615,-43.8,78,38004,37903,44.52,0.0003,0.72
716,4.767492294311523,17.57757568359375,-0.017581909894943237,487,0.14288358390331268,-42.74,78,38126,38025,43.47,0.0003,0.73
720,2.9080586433410645,18.76681137084961,-0.17479312419891357,491,0.138668492436409,-42.58,78,38428,38327,43.31,0.0003,0.73
724,4.98624849319458,18.164485931396484,0.056791335344314575,494,0.13693960011005402,-41.18,78,38589,38488,41.92,0.0003,0.74
728,4.038030624389648,17.897605895996094,-0.3312073349952698,497,0.1369873732328415,-42.43,77,38797,38696,43.16,0.0003,0.73
732,3.2716283798217773,18.934953689575195,0.13360926508903503,500,0.1381407380104065,-43.55,77,39022,38921,44.26,0.0003,0.71
736,2.9029746055603027,17.973718643188477,0.6211923360824585,502,0.1387733370065689,-42.94,77,39119,39018,43.66,0.0003,0.72
740,10.227914810180664,17.90182113647461,-0.007583692669868469,505,0.14020204544067383,-44.84,77,39338,39237,45.54,0.0003,0.7
744,4.248953819274902,16.59159278869629,0.3621353209018707,508,0.14507150650024414,-45.44,77,39568,39467,46.13,0.0003,0.69
748,2.3306918144226074,18.21636962890625,0.19146312773227692,511,0.14652346074581146,-47.12,77,39795,39694,47.79,0.0003,0.67
752,3.6523492336273193,17.884422302246094,0.09431660175323486,514,0.15167030692100525,-47.12,77,40028,39927,47.8,0.0003,0.68
756,10.611276626586914,17.746549606323242,-0.025740213692188263,516,0.1528434306383133,-46.94,77,40158,40057,47.62,0.0003,0.68
760,1.707453727722168,18.274784088134766,-0.19210276007652283,518,0.15303289890289307,-45.53,77,40332,40231,46.23,0.0003,0.7
764,7.718430995941162,17.103092193603516,-0.0021630674600601196,519,0.1528984010219574,-45.72,77,40434,40333,46.42,0.0003,0.7
768,3.2363479137420654,16.517841339111328,0.31603819131851196,523,0.15113532543182373,-46.66,77,40698,40597,47.36,0.0003,0.7
772,2.476468324661255,18.034976959228516,0.2291092574596405,523,0.1525631695985794,-46.96,77,40758,40657,47.66,0.0003,0.7
776,3.738008737564087,16.568565368652344,0.47311460971832275,526,0.1558569371700287,-46.16,77,40986,40885,46.87,0.0003,0.71
780,2.8876419067382812,17.244712829589844,-0.393614798784256,528,0.15604478120803833,-46.5,77,41127,41026,47.2,0.0003,0.7
784,2.999093770980835,17.442630767822266,0.25642549991607666,530,0.15636177361011505,-45.36,77,41263,41162,46.07,0.0003,0.71
788,1.7441074848175049,17.322309494018555,-0.2247130572795868,531,0.1573537141084671,-43.63,77,41368,41267,44.36,0.0003,0.73
792,1.881665825843811,18.110069274902344,0.0636555403470993,534,0.1571982353925705,-42.92,77,41582,41481,43.65,0.0003,0.73
796,2.4997377395629883,18.009639739990234,0.3074011206626892,536,0.15851391851902008,-43.03,77,41734,41633,43.76,0.0003,0.73
800,2.9684395790100098,16.61378288269043,-0.06494027376174927,537,0.1595553308725357,-41.63,77,41869,41768,42.37,0.0003,0.74
804,1.5698964595794678,18.036296844482422,0.20641642808914185,541,0.16166310012340546,-43.09,77,42128,42027,43.81,0.0003,0.72
808,5.220271110534668,16.026756286621094,0.271388441324234,543,0.16143475472927094,-43.87,77,42298,42197,44.58,0.0003,0.71
812,5.552594184875488,16.920490264892578,0.19852614402770996,546,0.16220152378082275,-44.37,77,42510,42409,45.06,0.0003,0.69
816,6.270357131958008,17.94385528564453,0.013307537883520126,548,0.1631527692079544,-45.09,77,42704,42603,45.78,0.0003,0.69
820,4.107247352600098,17.418010711669922,0.024547934532165527,551,0.16562549769878387,-44.2,77,42919,42818,44.91,0.0003,0.71
824,3.289670944213867,17.6458797454834,-0.0896490067243576,555,0.16535942256450653,-45.48,77,43207,43106,46.18,0.0003,0.7
828,2.21675443649292,18.02237319946289,0.19875046610832214,558,0.16541318595409393,-45.97,77,43464,43363,46.67,0.0003,0.7
832,1.42255699634552,17.894954681396484,0.046202339231967926,560,0.1648249626159668,-44.98,77,43591,43490,45.69,0.0003,0.71
836,11.001802444458008,17.76690673828125,0.189767986536026,562,0.16519798338413239,-45.68,77,43757,43656,46.38,0.0003,0.7
840,2.7706189155578613,17.964397430419922,-0.17774629592895508,564,0.16442732512950897,-44.94,77,43903,43802,45.65,0.0003,0.71
844,2.9433932304382324,17.90890121459961,-0.22336441278457642,564,0.1643473356962204,-42.98,77,43939,43838,43.71,0.0003,0.73
848,1.7177345752716064,17.903488159179688,-0.19472378492355347,566,0.16468943655490875,-41.78,77,44048,43947,42.53,0.0003,0.75
852,3.955296039581299,17.534156799316406,-0.07761085778474808,568,0.16571491956710815,-41.61,77,44263,44162,42.35,0.0003,0.74
856,4.0389885902404785,16.957399368286133,0.037696003913879395,572,0.16731995344161987,-43.22,77,44553,44452,43.95,0.0003,0.73
860,5.6844682693481445,17.419286727905273,0.12589702010154724,575,0.16906991600990295,-43.71,77,44776,44675,44.44,0.0003,0.73
864,5.155422210693359,17.06707000732422,0.17275655269622803,577,0.17006215453147888,-44.26,77,44932,44831,44.98,0.0003,0.72
868,1.783597469329834,17.60824203491211,-0.39682531356811523,580,0.17108526825904846,-44.11,77,45180,45079,44.82,0.0003,0.71
872,6.373842716217041,17.899829864501953,0.09463084489107132,583,0.17246894538402557,-45.81,77,45408,45307,46.5,0.0003,0.69
876,3.811768054962158,17.247760772705078,0.3579028844833374,586,0.17348279058933258,-45.84,77,45639,45538,46.53,0.0003,0.69
880,4.598837852478027,18.49822998046875,0.012478172779083252,587,0.17497417330741882,-45.74,77,45770,45669,46.43,0.0003,0.69
884,3.8532471656799316,18.482952117919922,0.06083986908197403,590,0.17658132314682007,-46.58,77,45989,45888,47.26,0.0003,0.68
888,1.876319408416748,17.904096603393555,0.1881013959646225,592,0.17774710059165955,-47.15,77,46150,46049,47.82,0.0003,0.67
892,4.1474409103393555,18.09132194519043,0.07033121585845947,596,0.1798526644706726,-48.16,77,46464,46363,48.82,0.0003,0.66
896,9.256476402282715,17.51124382019043,0.22870709002017975,597,0.1818743497133255,-47.84,77,46584,46483,48.5,0.0003,0.66
900,7.7628493309021,18.83515739440918,-0.0458223819732666,600,0.18438170850276947,-48.82,77,46816,46715,49.47,0.0003,0.65
904,2.103304862976074,17.923337936401367,0.07892657071352005,600,0.18447290360927582,-46.53,77,46848,46747,47.2,0.0003,0.67
908,3.2256274223327637,19.485042572021484,-0.141720712184906,603,0.1849241554737091,-46.9,77,47055,46954,47.57,0.0003,0.67
912,2.681004762649536,17.895360946655273,-0.14515504240989685,605,0.18533651530742645,-46.32,77,47210,47109,47.0,0.0003,0.68
916,14.97861385345459,18.19540786743164,0.04583717882633209,606,0.18688441812992096,-45.5,78,47322,47221,46.18,0.0003,0.68
920,3.101105213165283,17.627283096313477,-0.004875347018241882,609,0.1872122436761856,-45.57,78,47543,47442,46.24,0.0003,0.67
924,5.202876091003418,19.256439208984375,-0.30789661407470703,610,0.18948158621788025,-44.05,78,47680,47579,44.73,0.0003,0.68
928,3.84086012840271,17.256732940673828,0.13344673812389374,612,0.1887413114309311,-42.89,78,47821,47720,43.57,0.0003,0.68
932,2.5742416381835938,18.651897430419922,0.3433836102485657,615,0.18949438631534576,-43.95,78,48053,47952,44.62,0.0003,0.67
936,4.914979457855225,18.426340103149414,0.4071674346923828,617,0.19272591173648834,-44.1,78,48234,48133,44.77,0.0003,0.67
940,3.274137020111084,17.989158630371094,-0.13865530490875244,619,0.19286692142486572,-44.17,78,48387,48286,44.84,0.0003,0.67
944,3.4984798431396484,16.972843170166016,0.3253949284553528,620,0.19180774688720703,-44.97,78,48502,48401,45.63,0.0003,0.66
948,4.177029609680176,19.45648193359375,-0.24006089568138123,623,0.19219784438610077,-46.14,78,48726,48625,46.78,0.0003,0.64
952,2.8060717582702637,17.273212432861328,0.24880611896514893,625,0.19322404265403748,-45.36,78,48864,48763,46.01,0.0003,0.65
956,7.024465084075928,18.259567260742188,-0.28217586874961853,628,0.19560396671295166,-44.27,78,49046,48945,44.93,0.0003,0.66
960,2.065749168395996,18.48553466796875,-0.1675567775964737,629,0.19614791870117188,-42.38,78,49081,48980,43.05,0.0003,0.67
964,5.431147575378418,18.310726165771484,-0.19543541967868805,631,0.19690559804439545,-42.97,78,49296,49195,43.64,0.0003,0.67
968,2.231288433074951,18.914691925048828,0.041341036558151245,633,0.19681251049041748,-42.05,78,49453,49352,42.73,0.0003,0.68
972,7.137636184692383,19.242877960205078,0.1902642399072647,634,0.19725258648395538,-40.11,78,49489,49388,40.81,0.0003,0.7
976,3.615407943725586,18.647918701171875,0.13160830736160278,636,0.20109492540359497,-39.74,78,49684,49583,40.45,0.0003,0.71
980,8.450704574584961,18.512340545654297,0.2765443027019501,637,0.20072825253009796,-38.88,78,49730,49629,39.6,0.0003,0.72
984,2.5006208419799805,19.17029571533203,-0.00015625357627868652,638,0.20074041187763214,-38.11,78,49873,49772,38.84,0.0003,0.73
988,6.759253978729248,19.758705139160156,-0.09377868473529816,640,0.1991412490606308,-37.58,78,49982,49881,38.32,0.0003,0.74
992,10.652070045471191,18.37473487854004,-0.12810298800468445,642,0.1980985552072525,-36.52,78,50192,50091,37.28,0.0003,0.76
996,5.4162163734436035,20.394210815429688,-0.06260566413402557,643,0.19812682271003723,-35.82,78,50243,50142,36.59,0.0003,0.77
1000,1.530132532119751,19.568485260009766,0.1754809468984604,643,0.1981625258922577,-33.95,78,50290,50189,34.74,0.0003,0.79
1004,3.570220947265625,18.51396942138672,-0.08578796684741974,647,0.20168296992778778,-36.27,78,50552,50451,37.04,0.0003,0.77
1008,2.1512451171875,19.04657554626465,-0.14934328198432922,650,0.20083193480968475,-36.91,78,50822,50721,37.67,0.0003,0.76
1012,1.7172579765319824,19.906545639038086,-0.24226266145706177,652,0.20127367973327637,-36.66,78,50953,50852,37.43,0.0003,0.77
1016,5.246542453765869,17.469558715820312,0.16670429706573486,654,0.2042950540781021,-37.0,78,51100,50999,37.78,0.0003,0.78
1020,4.060675621032715,19.583473205566406,-0.06861317157745361,655,0.20305728912353516,-35.29,78,51152,51051,36.09,0.0003,0.8
1024,7.111599922180176,20.306665420532227,0.14035871624946594,658,0.205100417137146,-36.91,78,51450,51349,37.7,0.0003,0.79
1028,3.853938579559326,19.043245315551758,0.23381787538528442,660,0.20761379599571228,-36.69,78,51570,51469,37.49,0.0003,0.8
1032,2.8576955795288086,19.285688400268555,-0.0022766590118408203,662,0.20805764198303223,-35.66,78,51700,51599,36.47,0.0003,0.81
1036,8.059563636779785,19.241901397705078,-0.5237563848495483,666,0.20762395858764648,-37.01,78,52014,51913,37.8,0.0003,0.79
1040,5.140463829040527,19.523075103759766,0.31206223368644714,666,0.2067904770374298,-36.11,78,52078,51977,36.91,0.0003,0.8
1044,2.701817750930786,20.737716674804688,0.2885764241218567,668,0.20692786574363708,-36.26,78,52208,52107,37.06,0.0003,0.8
1048,7.373241901397705,18.922866821289062,0.17667536437511444,668,0.20650485157966614,-34.4,78,52248,52147,35.22,0.0003,0.82
1052,2.9930992126464844,18.349468231201172,0.2756517827510834,669,0.20643891394138336,-33.37,78,52284,52183,34.2,0.0003,0.83
1056,2.991246461868286,18.38878631591797,0.24900151789188385,672,0.21005044877529144,-34.27,78,52555,52454,35.09,0.0003,0.82
1060,2.2227914333343506,20.224830627441406,-0.07093527913093567,673,0.21032850444316864,-34.94,78,52657,52556,35.76,0.0003,0.82
1064,4.582938194274902,19.400192260742188,-0.2796933650970459,676,0.21121083199977875,-34.65,78,52843,52742,35.47,0.0003,0.82
1068,2.2451584339141846,19.023704528808594,0.21449843049049377,677,0.21210314333438873,-33.88,78,52924,52823,34.71,0.0003,0.83
1072,9.177993774414062,18.768798828125,0.3755890130996704,679,0.21426548063755035,-35.62,78,53132,53031,36.43,0.0003,0.81
1076,4.201043128967285,18.93390655517578,0.016829796135425568,680,0.214451402425766,-34.03,78,53169,53068,34.85,0.0003,0.82
1080,7.977480411529541,19.727445602416992,-0.06309004127979279,680,0.21290642023086548,-34.26,78,53238,53137,35.08,0.0003,0.82
1084,2.43194580078125,19.543533325195312,-0.1655159741640091,681,0.21373198926448822,-33.47,78,53303,53202,34.3,0.0003,0.83
1088,3.586886405944824,19.19289779663086,-0.24289101362228394,684,0.21301479637622833,-34.35,78,53499,53398,35.17,0.0003,0.82
1092,9.53298568725586,19.562788009643555,0.014943957328796387,686,0.2138395458459854,-33.86,78,53660,53559,34.68,0.0003,0.82
1096,4.068282604217529,19.082279205322266,0.2646849751472473,688,0.21568351984024048,-35.01,78,53825,53724,35.82,0.0003,0.81
1100,7.2657928466796875,20.02316665649414,-0.10305842757225037,690,0.21882538497447968,-36.67,78,54036,53935,37.46,0.0003,0.79
1104,6.956178665161133,20.01141929626465,0.026798628270626068,692,0.2192191481590271,-35.4,78,54172,54071,36.2,0.0003,0.8
1108,4.430792331695557,18.94449234008789,-0.31312352418899536,694,0.22016280889511108,-34.41,78,54344,54243,35.22,0.0003,0.81
1112,3.0701122283935547,20.17169189453125,-0.2595084011554718,695,0.21973612904548645,-34.19,78,54453,54352,35.0,0.0003,0.81
1116,3.1626343727111816,19.55731964111328,0.2845478057861328,696,0.21895676851272583,-33.29,78,54510,54409,34.1,0.0003,0.81
1120,10.072403907775879,19.60294532775879,0.2503933608531952,698,0.21983923017978668,-34.35,78,54668,54567,35.16,0.0003,0.81
1124,8.205045700073242,19.794769287109375,-0.09195821732282639,700,0.22250984609127045,-32.86,78,54819,54718,33.69,0.0003,0.83
1128,3.293468475341797,19.012939453125,-0.0442299023270607,700,0.22360147535800934,-31.92,78,54845,54744,32.75,0.0003,0.83
1132,6.029727935791016,19.199621200561523,0.137173593044281,702,0.22398488223552704,-31.92,78,54975,54874,32.75,0.0003,0.83
1136,7.986043930053711,18.848262786865234,0.18108364939689636,704,0.2226608693599701,-30.64,78,55163,55062,31.49,0.0003,0.85
1140,1.6259160041809082,19.172306060791016,-0.16821381449699402,705,0.22494900226593018,-30.97,78,55260,55159,31.82,0.0003,0.85
1144,8.379776000976562,18.918930053710938,0.28941914439201355,706,0.22492969036102295,-30.13,78,55307,55206,30.99,0.0003,0.86
1148,2.218486785888672,19.522613525390625,-0.057998619973659515,708,0.2257615625858307,-31.53,78,55486,55385,32.38,0.0003,0.85
1152,6.761486053466797,19.749412536621094,-0.19349491596221924,708,0.22617581486701965,-31.72,78,55541,55440,32.57,0.0003,0.85
1156,4.232603073120117,19.5835018157959,0.5428047180175781,709,0.22514550387859344,-29.45,78,55587,55486,30.32,0.0003,0.87
1160,9.83612060546875,18.423555374145508,0.012828826904296875,710,0.2265913486480713,-29.63,78,55706,55605,30.49,0.0003,0.86
1164,3.9436540603637695,19.561439514160156,-0.14524726569652557,712,0.2282564789056778,-29.19,78,55848,55747,30.05,0.0003,0.86
1168,8.69063949584961,19.36223602294922,0.08059771358966827,714,0.22949619591236115,-29.53,78,55963,55862,30.39,0.0003,0.86
1172,3.672034978866577,19.754405975341797,-0.22677388787269592,715,0.22902201116085052,-28.78,78,56097,55996,29.65,0.0003,0.87
1176,6.723114490509033,19.342885971069336,0.12551021575927734,716,0.22953549027442932,-28.72,78,56128,56027,29.59,0.0003,0.87
1180,6.354771137237549,20.49527359008789,-0.019678786396980286,717,0.22999943792819977,-29.39,78,56264,56163,30.26,0.0003,0.87
1184,5.819217681884766,20.701080322265625,-0.32318001985549927,719,0.2294192910194397,-30.28,78,56418,56317,31.15,0.0003,0.87
1188,7.504944801330566,19.97181510925293,-0.073389932513237,721,0.2341555953025818,-29.83,78,56569,56468,30.7,0.0003,0.87
1192,3.93472957611084,20.638999938964844,0.05513574928045273,721,0.2346695512533188,-28.48,78,56596,56495,29.36,0.0003,0.88
1196,7.2897443771362305,19.61431884765625,-0.027876168489456177,723,0.23501431941986084,-28.04,78,56718,56617,28.93,0.0003,0.89
1200,4.323317527770996,20.048194885253906,0.2911562919616699,723,0.23569276928901672,-26.36,78,56763,56662,27.27,0.0003,0.91
1204,4.972128391265869,20.914159774780273,0.08470778912305832,725,0.23639516532421112,-26.25,78,56888,56787,27.16,0.0003,0.91
1208,2.3289918899536133,20.1060791015625,-0.1813511997461319,727,0.2381201982498169,-26.64,78,57099,56998,27.55,0.0003,0.91
1212,3.6398067474365234,18.823509216308594,0.19715331494808197,729,0.23990292847156525,-26.78,78,57221,57120,27.68,0.0003,0.9
1216,8.2852783203125,21.078632354736328,-0.09359756857156754,730,0.24120233952999115,-27.33,78,57333,57232,28.23,0.0003,0.9
1220,3.9877872467041016,19.651947021484375,0.0025109201669692993,733,0.24168550968170166,-27.88,78,57544,57443,28.76,0.0003,0.88
1224,2.4912633895874023,19.14122200012207,0.4501457214355469,734,0.24258773028850555,-27.72,78,57678,57577,28.59,0.0003,0.87
1228,9.418091773986816,21.145797729492188,-0.2380267083644867,735,0.24306364357471466,-28.06,78,57738,57637,28.93,0.0003,0.87
1232,3.430232048034668,18.61250114440918,0.23546603322029114,736,0.24243301153182983,-27.13,78,57776,57675,28.01,0.0003,0.88
1236,6.265903949737549,21.203693389892578,-0.10570374131202698,738,0.2405206710100174,-27.0,78,57951,57850,27.88,0.0003,0.88
1240,8.870142936706543,19.851900100708008,-0.08080810308456421,738,0.23987500369548798,-26.5,78,57998,57897,27.38,0.0003,0.88
1244,4.289186954498291,20.808197021484375,-0.030854538083076477,741,0.24239662289619446,-28.49,78,58242,58141,29.35,0.0003,0.86
1248,7.744162559509277,19.759075164794922,0.051062632352113724,742,0.24221546947956085,-26.94,78,58267,58166,27.81,0.0003,0.87
1252,12.134839057922363,19.78774070739746,0.010764755308628082,742,0.24214759469032288,-26.93,78,58321,58220,27.8,0.0003,0.87
1256,4.0362091064453125,20.088537216186523,-0.017296701669692993,743,0.24147658050060272,-27.0,78,58374,58273,27.87,0.0003,0.87
1260,4.100584983825684,19.69598388671875,-0.02090170979499817,743,0.24034292995929718,-26.21,78,58415,58314,27.09,0.0003,0.88
1264,5.637361526489258,19.991065979003906,-0.11364482343196869,745,0.24009904265403748,-26.11,78,58547,58446,26.99,0.0003,0.88
1268,4.854353904724121,21.02536392211914,-0.04392384737730026,746,0.23849743604660034,-25.55,78,58606,58505,26.43,0.0003,0.88
1272,3.9001574516296387,19.887819290161133,0.18154314160346985,748,0.23779286444187164,-26.31,78,58815,58714,27.18,0.0003,0.87
1276,12.745065689086914,20.010997772216797,-0.008287131786346436,749,0.23875847458839417,-26.41,78,58856,58755,27.28,0.0003,0.87
1280,11.880452156066895,20.46535873413086,-0.11298419535160065,752,0.24348688125610352,-27.42,78,59091,58990,28.27,0.0003,0.85
1284,4.274645805358887,19.875152587890625,-0.08534291386604309,753,0.24486736953258514,-27.3,78,59232,59131,28.14,0.0003,0.84
1288,7.7757110595703125,20.261438369750977,0.17116689682006836,754,0.24374403059482574,-26.43,78,59297,59196,27.28,0.0003,0.85
1292,4.372222900390625,20.841838836669922,-0.14964446425437927,756,0.2450721561908722,-27.64,78,59444,59343,28.48,0.0003,0.84
1296,6.456453323364258,19.5657958984375,-0.2925594449043274,757,0.24511751532554626,-27.13,78,59515,59414,27.97,0.0003,0.84
1300,5.966462135314941,20.84238052368164,-0.13357442617416382,759,0.246365487575531,-28.75,78,59720,59619,29.57,0.0003,0.82
1304,9.393028259277344,19.07663917541504,-0.11210580170154572,761,0.2461441308259964,-28.96,78,59866,59765,29.78,0.0003,0.82
1308,5.332698822021484,19.322086334228516,0.2144736349582672,762,0.24523523449897766,-28.17,78,59998,59897,28.99,0.0003,0.82
1312,5.464992523193359,19.625032424926758,0.22383427619934082,764,0.24515986442565918,-28.31,78,60134,60033,29.13,0.0003,0.82
1316,4.436380386352539,20.46414566040039,-0.15617060661315918,766,0.24730592966079712,-28.59,78,60274,60173,29.41,0.0003,0.82
1320,4.025727272033691,18.96371841430664,0.13833320140838623,766,0.24675174057483673,-26.76,78,60304,60203,27.6,0.0003,0.84
1324,3.704103469848633,21.829498291015625,0.2004280835390091,768,0.24883447587490082,-26.63,78,60426,60325,27.48,0.0003,0.85
1328,5.3818278312683105,20.174030303955078,-0.2833639085292816,769,0.24997881054878235,-27.58,78,60581,60480,28.43,0.0003,0.85
1332,6.117175579071045,19.648656845092773,0.02272307500243187,770,0.24973276257514954,-27.4,78,60601,60500,28.25,0.0003,0.85
1336,4.817120552062988,20.079242706298828,-0.11179417371749878,771,0.24941681325435638,-27.08,78,60744,60643,27.93,0.0003,0.85
1340,13.283557891845703,21.522489547729492,0.10812398791313171,772,0.2496681660413742,-26.97,78,60780,60679,27.82,0.0003,0.85
1344,3.372493267059326,20.49697494506836,0.026139765977859497,774,0.2527969479560852,-26.22,78,60950,60849,27.08,0.0003,0.86
1348,7.443016052246094,19.805694580078125,0.044264718890190125,775,0.2549777626991272,-27.26,78,61079,60978,28.12,0.0003,0.86
1352,3.3523077964782715,20.06536865234375,0.1759062111377716,776,0.2555375397205353,-27.03,78,61110,61009,27.89,0.0003,0.86
1356,6.472813606262207,20.46688461303711,-0.09146548807621002,776,0.2558819353580475,-26.95,78,61155,61054,27.81,0.0003,0.86
1360,7.473578453063965,18.771568298339844,-0.015627726912498474,777,0.25657451152801514,-27.43,78,61244,61143,28.29,0.0003,0.86
1364,4.197903156280518,19.769927978515625,0.06058180332183838,778,0.2564293444156647,-26.36,78,61270,61169,27.23,0.0003,0.87
1368,3.362476348876953,20.329687118530273,0.1994321644306183,779,0.25536563992500305,-27.12,78,61404,61303,27.98,0.0003,0.86
1372,4.137332439422607,20.08489990234375,0.05952803045511246,780,0.257052481174469,-25.94,78,61497,61396,26.82,0.0003,0.88
1376,6.76663064956665,19.604623794555664,0.032477863132953644,781,0.2575882077217102,-25.69,78,61513,61412,26.57,0.0003,0.88
1380,13.434306144714355,20.819900512695312,-0.20785975456237793,783,0.2576819658279419,-25.12,78,61692,61591,26.01,0.0003,0.89
1384,6.909950256347656,18.875316619873047,-0.04704093933105469,784,0.2583509683609009,-24.76,78,61798,61697,25.66,0.0003,0.9
1388,3.333324909210205,19.16716766357422,-0.08711344748735428,785,0.25916367769241333,-25.0,78,61887,61786,25.9,0.0003,0.9
1392,3.0165293216705322,18.389490127563477,-0.0288316011428833,787,0.25866788625717163,-25.1,78,62044,61943,26.0,0.0003,0.9
1396,3.0799012184143066,19.73337173461914,0.05287519097328186,789,0.26212355494499207,-26.0,78,62204,62103,26.89,0.0003,0.89
1400,4.498802185058594,20.055673599243164,0.15043380856513977,790,0.25977689027786255,-24.95,78,62306,62205,25.86,0.0003,0.91
1404,7.105074882507324,20.082683563232422,0.08990924060344696,792,0.2572568953037262,-24.8,78,62437,62336,25.71,0.0003,0.91
1408,4.300605297088623,20.361865997314453,0.06051548197865486,792,0.2575265169143677,-23.89,78,62479,62378,24.81,0.0003,0.92
1412,5.282636642456055,19.855146408081055,-0.34448209404945374,794,0.25900185108184814,-23.83,78,62609,62508,24.75,0.0003,0.92
1416,11.580450057983398,21.05215072631836,-0.18428950011730194,795,0.25986698269844055,-23.68,78,62733,62632,24.59,0.0003,0.91
1420,5.812376022338867,20.393585205078125,-0.1300412267446518,796,0.26033857464790344,-24.01,78,62796,62695,24.92,0.0003,0.91
1424,4.274178981781006,19.130306243896484,-0.08476636558771133,797,0.2587461769580841,-23.52,78,62869,62768,24.43,0.0003,0.91
1428,4.709372520446777,19.923141479492188,0.1793440580368042,798,0.25827082991600037,-22.3,78,62902,62801,23.21,0.0003,0.91
1432,3.6933202743530273,20.58434295654297,-0.17710250616073608,800,0.2581774890422821,-24.41,78,63131,63030,25.3,0.0003,0.89
1436,4.072786331176758,20.43581771850586,-0.14357241988182068,801,0.25886064767837524,-23.84,78,63218,63117,24.74,0.0003,0.9
1440,4.253670692443848,20.510028839111328,0.12218205630779266,802,0.2588188350200653,-23.84,78,63254,63153,24.74,0.0003,0.9
1444,7.877425193786621,19.240251541137695,0.19165951013565063,803,0.2593027949333191,-22.78,78,63319,63218,23.69,0.0003,0.91
1448,10.096017837524414,19.408864974975586,-0.11123079061508179,803,0.2596780061721802,-21.96,78,63366,63265,22.87,0.0003,0.91
1452,6.37392520904541,19.29582977294922,-0.09191769361495972,806,0.26102444529533386,-24.0,78,63599,63498,24.89,0.0003,0.89
1456,2.423062562942505,19.464719772338867,0.06830255687236786,807,0.25930461287498474,-24.76,78,63720,63619,25.65,0.0003,0.89
1460,5.5660247802734375,19.29030990600586,-0.05775905027985573,808,0.259372353553772,-24.32,78,63765,63664,25.21,0.0003,0.89
1464,8.223152160644531,18.971309661865234,0.020204946398735046,810,0.26270946860313416,-25.52,78,63910,63809,26.4,0.0003,0.88
1468,13.408435821533203,19.923795700073242,0.04523960500955582,810,0.2638506293296814,-24.54,78,63947,63846,25.43,0.0003,0.89
1472,3.7631287574768066,19.8878231048584,-0.2960165739059448,812,0.265948086977005,-25.44,78,64129,64028,26.32,0.0003,0.88
1476,8.808804512023926,19.827919006347656,0.12129774689674377,814,0.26439720392227173,-26.4,78,64241,64140,27.28,0.0003,0.88
1480,6.413715839385986,18.716930389404297,0.32404547929763794,815,0.2642604112625122,-25.35,78,64316,64215,26.24,0.0003,0.89
1484,6.174594879150391,20.197954177856445,0.11313433945178986,815,0.26315709948539734,-24.61,78,64348,64247,25.5,0.0003,0.89
1488,5.322872161865234,20.074565887451172,0.11449389904737473,818,0.26479437947273254,-25.85,78,64559,64458,26.72,0.0003,0.87
1492,6.52873420715332,20.005611419677734,-0.3262621760368347,818,0.2656342685222626,-24.65,78,64597,64496,25.53,0.0003,0.88
1496,10.087972640991211,19.34044647216797,0.1683715134859085,819,0.2661554515361786,-23.58,78,64651,64550,24.47,0.0003,0.89
1500,4.741452217102051,19.953845977783203,0.22906431555747986,820,0.26937374472618103,-23.79,78,64773,64672,24.67,0.0003,0.88
1504,3.857067108154297,19.849767684936523,0.13951101899147034,823,0.2683977782726288,-24.77,78,65001,64900,25.64,0.0003,0.87
1508,3.7377214431762695,18.65003776550293,-0.030265316367149353,824,0.26848986744880676,-24.73,78,65039,64938,25.6,0.0003,0.87
1512,6.431988716125488,19.116222381591797,-0.053080618381500244,824,0.2680072784423828,-23.88,78,65085,64984,24.76,0.0003,0.88
1516,4.240050792694092,20.19463348388672,-0.052319131791591644,826,0.2660859227180481,-23.83,78,65204,65103,24.71,0.0003,0.88
1520,4.268078804016113,20.33933448791504,-0.1375688761472702,826,0.2659047842025757,-23.65,78,65249,65148,24.53,0.0003,0.88
1524,5.484570503234863,19.21739959716797,0.02978353202342987,827,0.2640509307384491,-23.39,78,65296,65195,24.27,0.0003,0.88
1528,6.952775955200195,20.015186309814453,-0.3487326502799988,829,0.264752596616745,-24.87,78,65476,65375,25.74,0.0003,0.87
1532,3.9469473361968994,18.890056610107422,-0.12709663808345795,833,0.2653024196624756,-25.61,78,65779,65678,26.48,0.0003,0.87
1536,15.318798065185547,20.089893341064453,-0.10571055114269257,833,0.26524412631988525,-25.18,78,65823,65722,26.05,0.0003,0.87
1540,3.56356143951416,19.726909637451172,0.06123635172843933,833,0.26559218764305115,-25.15,78,65856,65755,26.02,0.0003,0.87
1544,10.206304550170898,19.335487365722656,0.06478845328092575,834,0.2671576738357544,-25.09,78,65915,65814,25.96,0.0003,0.87
1548,6.510551452636719,18.683509826660156,-0.014715731143951416,836,0.26895269751548767,-26.07,78,66059,65958,26.93,0.0003,0.86
1552,6.170641899108887,19.150272369384766,0.11691533029079437,837,0.26859909296035767,-24.23,78,66110,66009,25.11,0.0003,0.88
1556,2.454763412475586,20.846302032470703,-0.34567999839782715,838,0.267634779214859,-23.96,78,66204,66103,24.84,0.0003,0.88
1560,5.051313877105713,20.581100463867188,-0.13576039671897888,839,0.2670631408691406,-24.68,78,66321,66220,25.56,0.0003,0.88
1564,7.972597122192383,19.71088409423828,0.007196422666311264,840,0.2667694687843323,-23.75,78,66374,66273,24.64,0.0003,0.89
1568,13.251384735107422,18.877849578857422,-0.13360022008419037,841,0.26718398928642273,-24.57,78,66493,66392,25.46,0.0003,0.89
1572,8.896270751953125,18.65802764892578,-0.08995912969112396,842,0.2669770121574402,-23.37,78,66556,66455,24.27,0.0003,0.9
1576,8.144430160522461,19.533538818359375,-0.1421753317117691,842,0.26733043789863586,-22.42,78,66573,66472,23.32,0.0003,0.9
1580,9.10719108581543,20.16715431213379,-0.12796339392662048,844,0.26720595359802246,-23.13,79,66718,66617,24.02,0.0003,0.89
1584,7.736483573913574,19.2520809173584,0.024045661091804504,846,0.2696109414100647,-24.23,79,66860,66759,25.12,0.0003,0.89
1588,8.442388534545898,19.337474822998047,0.28248071670532227,847,0.2687302529811859,-22.82,79,66932,66831,23.73,0.0003,0.91
1592,7.470705032348633,19.037811279296875,0.008126504719257355,849,0.2705553472042084,-24.12,79,67099,66998,25.02,0.0003,0.9
1596,9.63510799407959,19.15450668334961,0.16572821140289307,850,0.2708647847175598,-24.46,79,67187,67086,25.36,0.0003,0.9
1600,4.563759803771973,19.40001678466797,-0.0964955985546112,850,0.27126115560531616,-23.63,79,67227,67126,24.54,0.0003,0.91
1604,4.165916919708252,19.344430923461914,-0.05405556410551071,851,0.27106916904449463,-21.9,79,67284,67183,22.83,0.0003,0.93
1608,6.239336013793945,18.658315658569336,-0.16847646236419678,852,0.27037522196769714,-22.17,79,67349,67248,23.1,0.0003,0.93
1612,3.7689807415008545,19.459135055541992,0.13179320096969604,855,0.26939767599105835,-24.12,79,67588,67487,25.03,0.0003,0.91
1616,7.962698936462402,20.022960662841797,-0.23430120944976807,855,0.26964524388313293,-23.24,79,67620,67519,24.16,0.0003,0.92
1620,6.292126178741455,18.919265747070312,0.067175954580307,857,0.27025067806243896,-24.02,79,67743,67642,24.94,0.0003,0.92
1624,8.621942520141602,18.969783782958984,0.21489271521568298,857,0.2705440819263458,-23.99,79,67787,67686,24.91,0.0003,0.92
1628,17.201677322387695,19.162109375,-0.2105649709701538,859,0.2716206908226013,-23.43,79,67911,67810,24.35,0.0003,0.92
1632,5.6176958084106445,19.071889877319336,0.11560425907373428,859,0.27126339077949524,-20.83,79,67956,67855,21.77,0.0003,0.94
1636,5.052253723144531,18.652185440063477,-0.11918487399816513,861,0.27003687620162964,-21.58,79,68074,67973,22.51,0.0003,0.93
1640,15.729101181030273,18.88812828063965,0.0943465381860733,861,0.27050668001174927,-21.52,79,68101,68000,22.45,0.0003,0.93
1644,6.153365135192871,18.703166961669922,0.32380741834640503,861,0.27073338627815247,-21.37,79,68145,68044,22.3,0.0003,0.93
1648,6.768011093139648,19.787626266479492,-0.09412206709384918,863,0.27359071373939514,-21.15,79,68267,68166,22.08,0.0003,0.93
1652,6.48135232925415,20.04672622680664,-0.10047128796577454,864,0.2718316316604614,-21.96,79,68398,68297,22.88,0.0003,0.92
1656,3.940021514892578,19.15139389038086,0.03971691429615021,866,0.27005836367607117,-22.49,79,68544,68443,23.4,0.0003,0.91
1660,5.557201862335205,19.651405334472656,0.11756233870983124,867,0.27125284075737,-22.19,79,68631,68530,23.1,0.0003,0.91
1664,8.46041202545166,19.02164077758789,0.17362697422504425,869,0.27493900060653687,-23.44,79,68808,68707,24.34,0.0003,0.9
1668,4.208702564239502,19.464385986328125,0.02125561237335205,870,0.2738617956638336,-22.6,79,68843,68742,23.5,0.0003,0.9
1672,4.509014129638672,18.494585037231445,-0.025164254009723663,873,0.2719728350639343,-24.68,79,69112,69011,25.56,0.0003,0.88
1676,8.153665542602539,18.803810119628906,0.058951541781425476,875,0.26932477951049805,-25.91,79,69251,69150,26.78,0.0003,0.87
1680,4.953836441040039,19.49357795715332,-0.03892577812075615,875,0.26978906989097595,-24.73,79,69279,69178,25.61,0.0003,0.88
1684,3.239945650100708,19.79156494140625,0.05344381928443909,876,0.2697954475879669,-23.82,79,69330,69229,24.7,0.0003,0.88
1688,6.395949840545654,18.78752326965332,0.02497582882642746,877,0.27124515175819397,-24.35,79,69454,69353,25.22,0.0003,0.87
1692,3.7929553985595703,18.963651657104492,0.07260264456272125,879,0.27474457025527954,-23.97,79,69583,69482,24.84,0.0003,0.87
1696,5.854519367218018,19.216259002685547,-0.24971142411231995,879,0.27496662735939026,-23.42,79,69616,69515,24.29,0.0003,0.87
1700,2.4557156562805176,19.3316593170166,-0.1705290675163269,881,0.2750588655471802,-24.61,79,69774,69673,25.47,0.0003,0.86
1704,4.303694725036621,19.958721160888672,-0.008602654561400414,882,0.275078147649765,-24.49,79,69819,69718,25.35,0.0003,0.86
1708,5.405062675476074,18.918163299560547,0.109166719019413,883,0.27786651253700256,-25.32,79,69966,69865,26.17,0.0003,0.85
1712,7.063871383666992,19.109779357910156,-0.023249968886375427,884,0.27763575315475464,-23.53,79,70028,69927,24.4,0.0003,0.87
1716,5.227638244628906,19.49254608154297,-0.07143382728099823,885,0.2775728404521942,-23.47,79,70054,69953,24.34,0.0003,0.87
1720,4.992147922515869,19.052291870117188,0.2153196930885315,885,0.2772853672504425,-22.62,79,70092,69991,23.49,0.0003,0.87
1724,3.7194464206695557,19.47134780883789,-0.2465921938419342,886,0.2776125371456146,-23.18,79,70192,70091,24.05,0.0003,0.87
1728,3.7196044921875,17.998598098754883,0.13923758268356323,887,0.2755912244319916,-22.89,79,70288,70187,23.77,0.0003,0.88
1732,3.9531431198120117,19.304370880126953,-0.17578181624412537,888,0.2745974063873291,-22.99,79,70343,70242,23.87,0.0003,0.88
1736,10.33828353881836,18.847381591796875,0.3406151533126831,889,0.27533605694770813,-22.53,79,70416,70315,23.42,0.0003,0.89
1740,9.615058898925781,19.406179428100586,0.23507733643054962,890,0.27765023708343506,-22.99,79,70489,70388,23.88,0.0003,0.89
1744,9.05459976196289,19.85387420654297,-0.229910209774971,893,0.2772539556026459,-24.98,79,70730,70629,25.85,0.0003,0.87
1748,4.6303300857543945,18.462059020996094,0.2593945562839508,894,0.2747698128223419,-24.41,79,70796,70695,25.29,0.0003,0.88
1752,9.574981689453125,19.20372772216797,-0.11535362154245377,894,0.27506980299949646,-23.77,79,70864,70763,24.66,0.0003,0.89
1756,2.9315590858459473,18.831605911254883,0.24645790457725525,898,0.2764906883239746,-24.97,79,71130,71029,25.86,0.0003,0.89
1760,10.541871070861816,19.688697814941406,-0.04392390698194504,901,0.2764493227005005,-27.18,79,71435,71334,28.04,0.0003,0.86
1764,3.706186056137085,18.93890380859375,0.023454010486602783,902,0.27689066529273987,-26.21,79,71516,71415,27.08,0.0003,0.87
1768,6.398134231567383,18.054439544677734,0.09462796151638031,905,0.2785166800022125,-27.77,79,71706,71605,28.63,0.0003,0.86
1772,2.8978354930877686,19.837093353271484,-0.1369505226612091,905,0.2776969373226166,-25.49,79,71749,71648,26.37,0.0003,0.88
1776,3.3076119422912598,19.44343376159668,0.24719147384166718,906,0.2780609726905823,-24.64,79,71804,71703,25.53,0.0003,0.89
1780,5.223949432373047,18.983848571777344,-0.30190566182136536,908,0.27973905205726624,-25.86,79,71953,71852,26.74,0.0003,0.88
1784,3.3895537853240967,18.363922119140625,-0.060298703610897064,908,0.2811090350151062,-25.8,79,71998,71897,26.68,0.0003,0.88
1788,7.998649597167969,19.274627685546875,-0.06709630787372589,909,0.2818637490272522,-25.0,79,72043,71942,25.89,0.0003,0.89
1792,3.6567749977111816,17.709854125976562,-0.18685120344161987,910,0.28334861993789673,-24.97,79,72169,72068,25.86,0.0003,0.89
1796,7.050452709197998,19.710622787475586,-0.15758541226387024,911,0.28254035115242004,-25.12,79,72217,72116,26.01,0.0003,0.89
1800,2.405517101287842,18.806989669799805,0.3011700510978699,914,0.28018617630004883,-25.71,79,72433,72332,26.59,0.0003,0.88
1804,7.841371059417725,19.354358673095703,-0.04906260967254639,914,0.2795937657356262,-25.73,79,72480,72379,26.61,0.0003,0.88
1808,5.930446624755859,18.55990982055664,0.15401007235050201,918,0.2808593511581421,-27.53,79,72805,72704,28.39,0.0003,0.86
1812,4.907596588134766,17.65705108642578,-0.08006519079208374,919,0.2811788022518158,-27.94,79,72908,72807,28.8,0.0003,0.86
1816,3.727566719055176,19.303855895996094,-0.07338366657495499,921,0.28163132071495056,-28.98,79,73037,72936,29.83,0.0003,0.85
1820,3.563833236694336,19.744129180908203,-0.33613213896751404,923,0.28318437933921814,-30.61,79,73237,73136,31.45,0.0003,0.84
1824,7.914106845855713,19.537002563476562,0.31228986382484436,925,0.2832503616809845,-31.14,79,73389,73288,31.97,0.0003,0.83
1828,11.286840438842773,18.176279067993164,-0.18294541537761688,926,0.28316476941108704,-30.6,79,73431,73330,31.43,0.0003,0.83
1832,5.892965316772461,18.915958404541016,0.030466541647911072,926,0.2817547917366028,-30.53,79,73479,73378,31.36,0.0003,0.83
1836,5.389927864074707,18.942249298095703,0.03350008279085159,927,0.2807285189628601,-30.43,79,73542,73441,31.26,0.0003,0.83
1840,10.941217422485352,19.999645233154297,0.1113249883055687,930,0.28065264225006104,-32.11,79,73782,73681,32.93,0.0003,0.82
1844,6.676733016967773,18.34403419494629,0.16549691557884216,930,0.28107601404190063,-29.97,79,73811,73710,30.81,0.0003,0.84
1848,3.993229389190674,18.42992401123047,0.08979614824056625,931,0.28124719858169556,-29.84,79,73864,73763,30.68,0.0003,0.84
1852,4.9017839431762695,18.482662200927734,0.10821714997291565,931,0.2819743752479553,-29.44,79,73892,73791,30.28,0.0003,0.84
1856,3.3953027725219727,18.807579040527344,0.04528961703181267,934,0.28170493245124817,-28.92,79,74105,74004,29.75,0.0003,0.83
1860,5.53817892074585,18.183860778808594,0.016189586371183395,935,0.28187429904937744,-26.44,79,74165,74064,27.3,0.0003,0.86
1864,3.450566291809082,19.140247344970703,-0.042596980929374695,936,0.28294047713279724,-26.81,79,74282,74181,27.66,0.0003,0.85
1868,8.416238784790039,19.066368103027344,0.058977458626031876,938,0.2856391370296478,-26.21,79,74412,74311,27.06,0.0003,0.85
1872,5.820119857788086,18.739782333374023,0.06611192971467972,938,0.28507572412490845,-26.41,79,74475,74374,27.26,0.0003,0.85
1876,5.025777816772461,19.352027893066406,-0.28024452924728394,941,0.28388911485671997,-28.1,79,74697,74596,28.93,0.0003,0.83
1880,3.226813316345215,20.078540802001953,-0.19196581840515137,942,0.28322434425354004,-27.04,79,74741,74640,27.88,0.0003,0.84
1884,6.353466987609863,18.59423065185547,0.003020096570253372,942,0.2831819951534271,-27.25,79,74807,74706,28.09,0.0003,0.84
1888,7.7339277267456055,18.48642921447754,-0.07778224349021912,943,0.2830641567707062,-27.11,79,74838,74737,27.95,0.0003,0.84
1892,10.27062702178955,18.98614501953125,-0.2379141002893448,944,0.2824203372001648,-26.49,79,74903,74802,27.34,0.0003,0.85
1896,6.6947021484375,18.462617874145508,0.14286167919635773,945,0.28258460760116577,-26.88,79,74990,74889,27.73,0.0003,0.85
1900,6.034792900085449,19.671924591064453,-0.0031638294458389282,947,0.2820034325122833,-26.99,79,75217,75116,27.84,0.0003,0.85
1904,4.968355178833008,18.501296997070312,0.05705421417951584,949,0.2795996367931366,-27.9,79,75354,75253,28.74,0.0003,0.84
1908,4.396807670593262,19.068927764892578,-0.14951668679714203,952,0.2824048399925232,-26.63,79,75554,75453,27.49,0.0003,0.86
1912,3.90926456451416,18.969526290893555,0.1853388100862503,953,0.28427854180336,-26.86,79,75679,75578,27.71,0.0003,0.85
1916,4.752076148986816,19.109176635742188,-0.15934191644191742,955,0.2856663167476654,-26.95,79,75817,75716,27.8,0.0003,0.85
1920,2.300877571105957,19.920652389526367,-0.033112186938524246,956,0.2874966263771057,-26.32,79,75955,75854,27.18,0.0003,0.86
1924,6.187646865844727,19.205318450927734,-0.20152513682842255,957,0.28701478242874146,-25.43,79,76019,75918,26.3,0.0003,0.87
1928,4.3276047706604,18.83551025390625,-0.015032142400741577,958,0.2868059277534485,-25.76,79,76094,75993,26.63,0.0003,0.87
1932,3.358353853225708,18.911466598510742,0.12537261843681335,959,0.2869393527507782,-25.8,79,76146,76045,26.67,0.0003,0.87
1936,2.468175172805786,18.304218292236328,-0.04592830315232277,959,0.28753015398979187,-25.54,79,76183,76082,26.41,0.0003,0.87
1940,12.199583053588867,19.418813705444336,-0.2994985282421112,960,0.2885897159576416,-23.61,79,76231,76130,24.49,0.0003,0.88
1944,8.978782653808594,19.460777282714844,0.10972093790769577,961,0.28663933277130127,-24.63,79,76361,76260,25.5,0.0003,0.87
1948,4.864297866821289,19.54486846923828,0.11875127255916595,963,0.28616926074028015,-25.05,79,76456,76355,25.92,0.0003,0.87
1952,6.1568779945373535,18.560626983642578,-0.14678800106048584,963,0.28690412640571594,-25.15,79,76494,76393,26.02,0.0003,0.87
1956,10.953893661499023,20.243690490722656,-0.1300848424434662,964,0.2858160138130188,-23.51,79,76545,76444,24.4,0.0003,0.89
1960,3.674009323120117,19.828933715820312,-0.09019017219543457,966,0.28635990619659424,-24.45,79,76699,76598,25.34,0.0003,0.89
1964,4.854310989379883,18.903846740722656,-0.08359959721565247,967,0.28629711270332336,-23.94,79,76766,76665,24.84,0.0003,0.9
1968,7.185171127319336,18.744152069091797,-0.17829957604408264,968,0.28138673305511475,-23.94,79,76896,76795,24.84,0.0003,0.9
1972,6.003232002258301,20.60317611694336,0.025207094848155975,969,0.2806149423122406,-23.9,79,76955,76854,24.8,0.0003,0.9
1976,8.417917251586914,19.46999740600586,0.05592583864927292,970,0.28180429339408875,-22.53,79,77042,76941,23.45,0.0003,0.92
1980,8.420909881591797,19.200191497802734,-0.13999757170677185,971,0.2822885811328888,-22.55,79,77088,76987,23.47,0.0003,0.92
1984,4.123231410980225,19.960769653320312,-0.06662636995315552,972,0.2820303738117218,-22.69,79,77168,77067,23.61,0.0003,0.92
1988,12.292770385742188,19.247100830078125,-0.16053622961044312,974,0.28217223286628723,-23.92,79,77321,77220,24.83,0.0003,0.91
1992,4.8658037185668945,17.952470779418945,0.024144083261489868,975,0.2837100327014923,-24.22,79,77416,77315,25.13,0.0003,0.91
1996,2.484287738800049,19.15028190612793,0.20628622174263,976,0.28412064909935,-24.19,79,77500,77399,25.1,0.0003,0.91
2000,5.208587646484375,19.615022659301758,0.08562621474266052,976,0.28576767444610596,-22.18,79,77528,77427,23.11,0.0003,0.93
2004,7.758636951446533,19.518285751342773,0.13345050811767578,977,0.28627121448516846,-21.45,79,77593,77492,22.39,0.0003,0.94
2008,8.500652313232422,18.85921859741211,0.2366637885570526,977,0.28688135743141174,-19.65,79,77614,77513,20.6,0.0003,0.95
2012,8.042427062988281,18.565113067626953,0.2190432846546173,978,0.28473564982414246,-19.22,79,77697,77596,20.18,0.0003,0.96
2016,8.747174263000488,18.889339447021484,-0.10526170581579208,979,0.28567996621131897,-18.61,79,77775,77674,19.58,0.0003,0.97
2020,4.592298984527588,19.323745727539062,0.08977976441383362,982,0.28495752811431885,-19.37,79,77987,77886,20.32,0.0003,0.95
2024,4.7840352058410645,17.816986083984375,0.32159239053726196,983,0.28557130694389343,-19.63,79,78077,77976,20.58,0.0003,0.95
2028,3.5321035385131836,19.309614181518555,-0.30432018637657166,986,0.2880541980266571,-20.55,79,78244,78143,21.5,0.0003,0.95
2032,9.37080192565918,18.86566925048828,0.0817798599600792,986,0.2880801558494568,-20.48,79,78289,78188,21.43,0.0003,0.95
2036,5.081843376159668,19.581501007080078,-0.4675600528717041,987,0.28852686285972595,-20.49,79,78327,78226,21.44,0.0003,0.95
2040,3.1844749450683594,19.223854064941406,-0.31024762988090515,988,0.2880745828151703,-21.33,79,78458,78357,22.27,0.0003,0.94
2044,4.7027668952941895,20.170547485351562,-0.04457126557826996,990,0.28999990224838257,-21.36,79,78591,78490,22.3,0.0003,0.94
2048,3.038266658782959,18.62860870361328,-0.008044242858886719,991,0.28986015915870667,-21.76,79,78725,78624,22.69,0.0003,0.93
2052,7.079913139343262,18.291301727294922,0.04867711663246155,994,0.29145094752311707,-23.26,79,78913,78812,24.19,0.0003,0.93
2056,5.470487117767334,18.511877059936523,-0.22366806864738464,994,0.2915732264518738,-23.14,79,78952,78851,24.07,0.0003,0.93
2060,3.7003517150878906,18.79307746887207,0.07982576638460159,995,0.29101869463920593,-22.41,79,79033,78932,23.34,0.0003,0.93
2064,4.535825729370117,18.542633056640625,0.15119704604148865,996,0.29116809368133545,-22.26,79,79085,78984,23.19,0.0003,0.93
2068,5.267117500305176,18.664081573486328,-0.10938587784767151,996,0.29274284839630127,-21.48,79,79138,79037,22.42,0.0003,0.94
2072,5.220767974853516,18.48868179321289,-0.18909992277622223,997,0.2940521538257599,-21.36,79,79185,79084,22.3,0.0003,0.94
2076,7.117984771728516,18.29756736755371,0.214429572224617,997,0.2935110330581665,-20.82,79,79218,79117,21.76,0.0003,0.94
2080,5.499841213226318,19.18935775756836,-0.037247247993946075,998,0.29345765709877014,-21.11,79,79293,79192,22.05,0.0003,0.94
2084,4.449776649475098,18.453960418701172,0.24885372817516327,999,0.2937966287136078,-20.78,79,79340,79239,21.72,0.0003,0.94
2088,8.920180320739746,18.576547622680664,-0.2728966176509857,1001,0.2945360541343689,-21.25,79,79540,79439,22.19,0.0003,0.94
2092,5.634183883666992,18.032970428466797,-0.056153804063797,1001,0.2945862114429474,-20.54,79,79564,79463,21.48,0.0003,0.94
2096,3.8588294982910156,18.184478759765625,0.08774429559707642,1002,0.2946375012397766,-20.05,79,79599,79498,20.99,0.0003,0.94
2100,5.244973182678223,17.9249267578125,0.3084571659564972,1002,0.2954329252243042,-20.18,79,79640,79539,21.12,0.0003,0.94
2104,4.434645175933838,18.586023330688477,0.06363445520401001,1003,0.2956220805644989,-19.75,79,79662,79561,20.69,0.0003,0.94
2108,3.236701488494873,18.093847274780273,0.11143235862255096,1003,0.2950272560119629,-19.99,79,79707,79606,20.93,0.0003,0.94
2112,7.67264986038208,18.948057174682617,0.18582165241241455,1003,0.29424959421157837,-19.48,79,79739,79638,20.42,0.0003,0.94
2116,5.950835704803467,17.57129669189453,0.029449276626110077,1004,0.2944939434528351,-19.36,79,79805,79704,20.3,0.0003,0.94
2120,6.547638893127441,18.28212547302246,-0.18617483973503113,1005,0.29472845792770386,-17.62,79,79845,79744,18.58,0.0003,0.96
2124,8.52098274230957,18.691936492919922,0.0031533539295196533,1007,0.2951398491859436,-18.86,79,80058,79957,19.81,0.0003,0.95
2128,5.208026885986328,18.06871223449707,-0.0387062169611454,1008,0.29341864585876465,-17.56,79,80095,79994,18.51,0.0003,0.95
2132,4.100468635559082,19.064529418945312,0.020588628947734833,1009,0.2924991548061371,-17.89,79,80173,80072,18.84,0.0003,0.95
2136,9.838818550109863,18.399513244628906,-0.028554342687129974,1009,0.2922658324241638,-17.79,79,80201,80100,18.74,0.0003,0.95
2140,8.557884216308594,18.386672973632812,-0.029859311878681183,1009,0.29265859723091125,-16.89,79,80243,80142,17.85,0.0003,0.96
2144,5.132843971252441,18.18906593322754,0.01678420603275299,1010,0.29098421335220337,-16.19,79,80307,80206,17.16,0.0003,0.97
2148,4.198681831359863,18.767004013061523,-0.21661408245563507,1012,0.2921779453754425,-16.4,79,80462,80361,17.37,0.0003,0.97
2152,4.124580383300781,18.866317749023438,-0.2347870022058487,1014,0.2935846149921417,-16.16,79,80625,80524,17.12,0.0003,0.96
2156,6.518229007720947,18.400548934936523,-0.062441617250442505,1016,0.29132190346717834,-17.07,79,80754,80653,18.02,0.0003,0.95
2160,5.69810152053833,18.85818099975586,0.2217940092086792,1016,0.29263707995414734,-16.71,79,80799,80698,17.66,0.0003,0.95
2164,10.152214050292969,17.836719512939453,-0.002186240628361702,1018,0.29375341534614563,-17.84,79,80964,80863,18.79,0.0003,0.95
2168,7.199252605438232,17.56606674194336,0.18875090777873993,1019,0.29463478922843933,-17.85,79,81018,80917,18.8,0.0003,0.95
2172,5.856836318969727,18.320209503173828,-0.28811120986938477,1020,0.29665327072143555,-18.51,79,81131,81030,19.46,0.0003,0.95
2176,4.919096946716309,18.373554229736328,-0.18498626351356506,1021,0.29611989855766296,-18.58,79,81171,81070,19.53,0.0003,0.95
2180,4.090376853942871,18.231979370117188,-0.15219411253929138,1021,0.29552963376045227,-18.24,79,81212,81111,19.19,0.0003,0.95
2184,4.306704998016357,19.86174774169922,-0.18340717256069183,1022,0.2951085865497589,-18.53,79,81288,81187,19.48,0.0003,0.95
2188,3.8764007091522217,19.749496459960938,-0.4818990230560303,1023,0.29571324586868286,-16.91,79,81327,81226,17.87,0.0003,0.96
2192,3.4890594482421875,19.434186935424805,-0.31113025546073914,1024,0.29417338967323303,-18.08,79,81467,81366,19.03,0.0003,0.95
2196,4.375083923339844,18.910009384155273,0.0869518518447876,1026,0.2947455942630768,-18.91,79,81585,81484,19.86,0.0003,0.95
2200,4.981655120849609,18.627090454101562,0.21512481570243835,1028,0.29389968514442444,-20.07,79,81741,81640,21.01,0.0003,0.94
2204,7.812694549560547,18.94170379638672,0.15670421719551086,1028,0.29420748353004456,-20.2,79,81776,81675,21.14,0.0003,0.94
2208,5.762189865112305,19.158504486083984,-0.07324352860450745,1030,0.2962934970855713,-21.68,79,81968,81867,22.61,0.0003,0.93
2212,3.09165620803833,17.99758529663086,-0.17033061385154724,1031,0.2952806055545807,-21.74,79,82006,81905,22.67,0.0003,0.93
2216,12.680771827697754,18.267168045043945,0.08968079835176468,1031,0.2953811585903168,-21.35,79,82033,81932,22.28,0.0003,0.93
2220,11.184344291687012,19.32029914855957,0.07920859754085541,1031,0.29651039838790894,-21.21,79,82059,81958,22.14,0.0003,0.93
2224,5.193691253662109,18.678794860839844,0.09292950481176376,1032,0.29579612612724304,-19.69,79,82121,82020,20.63,0.0003,0.94
2228,5.573665618896484,17.577800750732422,-0.09072295576334,1033,0.2941499948501587,-19.85,79,82174,82073,20.79,0.0003,0.94
2232,4.0350494384765625,17.762264251708984,0.24234671890735626,1034,0.29307201504707336,-20.22,79,82289,82188,21.16,0.0003,0.94
2236,9.386463165283203,18.231433868408203,0.23766574263572693,1036,0.2940520644187927,-21.27,79,82421,82320,22.2,0.0003,0.93
2240,3.29580020904541,18.90267562866211,-0.11006335914134979,1036,0.2950536012649536,-21.29,79,82465,82364,22.22,0.0003,0.93
2244,11.300116539001465,17.064104080200195,0.1270187795162201,1037,0.29443278908729553,-21.17,79,82517,82416,22.1,0.0003,0.93
2248,4.606383800506592,19.126888275146484,0.05834105238318443,1038,0.2948111593723297,-20.33,79,82589,82488,21.27,0.0003,0.94
2252,3.9692134857177734,19.461597442626953,0.11231701821088791,1039,0.2946504056453705,-19.64,79,82684,82583,20.59,0.0003,0.95
2256,2.937331199645996,18.43401336669922,-0.1345660388469696,1039,0.29533571004867554,-18.61,79,82711,82610,19.57,0.0003,0.96
2260,2.948984146118164,18.716562271118164,0.10162724554538727,1040,0.2966300845146179,-19.25,79,82819,82718,20.2,0.0003,0.95
2264,8.269769668579102,18.74109649658203,-0.0652652233839035,1041,0.29713577032089233,-17.98,79,82857,82756,18.93,0.0003,0.95
2268,8.22723388671875,18.31805419921875,-0.23274534940719604,1043,0.2966170608997345,-18.77,79,82989,82888,19.71,0.0003,0.94
2272,5.94814395904541,18.67055892944336,0.331789493560791,1044,0.29636573791503906,-18.98,79,83122,83021,19.91,0.0003,0.93
2276,4.110903739929199,19.15248680114746,0.24605080485343933,1046,0.29697439074516296,-20.14,79,83278,83177,21.07,0.0003,0.93
2280,10.899015426635742,18.207355499267578,0.03776252269744873,1047,0.29373881220817566,-20.99,79,83403,83302,21.91,0.0003,0.92
2284,3.55224609375,17.92334747314453,0.041907504200935364,1049,0.2937493324279785,-21.37,79,83516,83415,22.28,0.0003,0.91
2288,9.273778915405273,17.745849609375,0.08082664012908936,1050,0.29450908303260803,-22.46,79,83663,83562,23.36,0.0003,0.9
2292,6.220735549926758,18.21224594116211,0.27922043204307556,1051,0.29546013474464417,-21.52,79,83710,83609,22.43,0.0003,0.91
2296,4.770662784576416,18.880090713500977,0.09780126810073853,1052,0.29596102237701416,-21.12,79,83788,83687,22.03,0.0003,0.91
2300,9.81926155090332,18.484100341796875,-0.31126677989959717,1052,0.2952948212623596,-19.92,79,83825,83724,20.84,0.0003,0.92
2304,8.457344055175781,17.836715698242188,0.2527124285697937,1054,0.2956291437149048,-20.76,79,83944,83843,21.68,0.0003,0.92
2308,4.617042541503906,18.418338775634766,0.21661590039730072,1054,0.2954541742801666,-19.18,79,83979,83878,20.11,0.0003,0.93
2312,11.451606750488281,18.201908111572266,0.17918366193771362,1054,0.2955878674983978,-19.06,79,84005,83904,19.99,0.0003,0.93
2316,4.305890083312988,17.540441513061523,-0.12734630703926086,1055,0.2950587868690491,-19.08,79,84034,83933,20.01,0.0003,0.93
2320,2.6557698249816895,18.113718032836914,-0.020923808217048645,1056,0.29592031240463257,-19.5,79,84102,84001,20.43,0.0003,0.93
2324,6.763174057006836,17.328601837158203,0.020713329315185547,1057,0.29626694321632385,-20.01,79,84214,84113,20.93,0.0003,0.92
2328,4.664552211761475,18.21023178100586,0.0621149018406868,1058,0.2968253195285797,-20.03,79,84269,84168,20.95,0.0003,0.92
2332,6.6769304275512695,17.933822631835938,-0.09900957345962524,1058,0.2966771423816681,-19.23,79,84304,84203,20.15,0.0003,0.92
2336,12.230738639831543,18.122909545898438,-0.03446705639362335,1059,0.2973249554634094,-18.38,79,84352,84251,19.31,0.0003,0.93
2340,10.353322982788086,18.576318740844727,-0.28282761573791504,1060,0.29380613565444946,-19.37,79,84494,84393,20.29,0.0003,0.92
2344,4.307806968688965,18.67357063293457,-0.12400918453931808,1061,0.2945255637168884,-19.36,79,84545,84444,20.28,0.0003,0.92
2348,3.484858989715576,17.681659698486328,0.4319595992565155,1063,0.2930962145328522,-20.19,79,84699,84598,21.1,0.0003,0.91
2352,9.7749605178833,18.10611343383789,0.04748942330479622,1063,0.29393482208251953,-19.46,79,84721,84620,20.37,0.0003,0.91
2356,9.7200288772583,18.516117095947266,0.20584015548229218,1063,0.2952193021774292,-19.54,79,84756,84655,20.45,0.0003,0.91
2360,3.8911890983581543,17.901233673095703,0.07250599563121796,1065,0.29833120107650757,-20.22,79,84932,84831,21.13,0.0003,0.91
2364,4.607099533081055,18.705522537231445,-0.25008392333984375,1067,0.2977908253669739,-21.17,79,85064,84963,22.07,0.0003,0.9
2368,5.812891483306885,17.75063705444336,-0.017514582723379135,1068,0.297855943441391,-20.99,79,85178,85077,21.89,0.0003,0.9
2372,10.738780975341797,18.354084014892578,-0.19812923669815063,1069,0.2976052165031433,-20.33,79,85246,85145,21.24,0.0003,0.91
2376,12.329595565795898,18.92180633544922,0.046011194586753845,1070,0.2959913909435272,-19.17,79,85286,85185,20.08,0.0003,0.91
2380,8.359159469604492,17.759353637695312,-0.07974480837583542,1070,0.2962377965450287,-18.12,79,85307,85206,19.04,0.0003,0.92
2384,5.1509552001953125,17.16118621826172,-0.1447230577468872,1071,0.2960350215435028,-17.92,79,85401,85300,18.85,0.0003,0.93
2388,5.6131486892700195,17.958293914794922,-0.04537895694375038,1072,0.2958585321903229,-17.07,79,85464,85363,18.01,0.0003,0.94
2392,8.115009307861328,17.067569732666016,0.1925686001777649,1072,0.2953431308269501,-17.07,79,85511,85410,18.01,0.0003,0.94
2396,6.056779861450195,17.79535675048828,0.11599759757518768,1073,0.2961899936199188,-16.68,79,85550,85449,17.62,0.0003,0.94
2400,6.171039581298828,17.628719329833984,0.013651609420776367,1073,0.2965705990791321,-16.74,79,85593,85492,17.68,0.0003,0.94
2404,16.473331451416016,17.942306518554688,-0.04931098222732544,1074,0.295918345451355,-16.02,79,85640,85539,16.96,0.0003,0.94
2408,2.5097169876098633,18.746591567993164,-0.04129737988114357,1076,0.2970319986343384,-17.36,79,85808,85707,18.29,0.0003,0.93
2412,7.839992523193359,19.21891212463379,0.08520512282848358,1076,0.2968863546848297,-17.48,79,85846,85745,18.41,0.0003,0.93
2416,2.7700605392456055,17.275394439697266,-0.08597865700721741,1078,0.29738783836364746,-18.45,79,85971,85870,19.37,0.0003,0.92
2420,11.107860565185547,19.024211883544922,0.13415640592575073,1079,0.2993012070655823,-18.3,79,86024,85923,19.22,0.0003,0.92
2424,3.310385227203369,17.902366638183594,0.14964979887008667,1079,0.3007414937019348,-17.6,79,86067,85966,18.53,0.0003,0.93
2428,5.283696174621582,17.279388427734375,0.140154168009758,1084,0.30029162764549255,-20.98,79,86457,86356,21.88,0.0003,0.9
2432,9.100054740905762,18.317527770996094,0.20160038769245148,1084,0.30051910877227783,-21.22,79,86516,86415,22.12,0.0003,0.9
2436,8.729736328125,17.984817504882812,-0.049636319279670715,1085,0.30207693576812744,-21.25,79,86567,86466,22.15,0.0003,0.9
2440,8.831340789794922,18.37510108947754,0.06215658783912659,1086,0.3024183511734009,-20.26,79,86611,86510,21.17,0.0003,0.91
2444,4.93178653717041,17.526464462280273,0.02617347240447998,1088,0.30481451749801636,-22.04,79,86838,86737,22.93,0.0003,0.89
2448,4.052913665771484,17.526046752929688,0.04606360197067261,1090,0.30275410413742065,-21.75,79,86963,86862,22.64,0.0003,0.89
2452,6.090880393981934,18.54973602294922,-0.12372170388698578,1090,0.3035457134246826,-21.88,79,86998,86897,22.77,0.0003,0.89
2456,5.536827564239502,18.825517654418945,-0.007167942821979523,1091,0.3035428524017334,-21.89,79,87034,86933,22.78,0.0003,0.89
2460,6.506948947906494,18.535743713378906,0.09068168699741364,1092,0.3037736415863037,-21.49,79,87170,87069,22.38,0.0003,0.89
2464,5.282173156738281,18.044452667236328,0.17802903056144714,1093,0.30484700202941895,-20.85,79,87239,87138,21.75,0.0003,0.9
2468,11.822776794433594,17.06583023071289,0.04913199692964554,1094,0.3029632568359375,-20.97,79,87365,87264,21.87,0.0003,0.9
2472,8.596181869506836,17.443035125732422,0.10622495412826538,1095,0.3034721612930298,-20.55,79,87391,87290,21.45,0.0003,0.9
2476,3.9384043216705322,18.169593811035156,0.06502193212509155,1095,0.30432385206222534,-20.66,79,87442,87341,21.56,0.0003,0.9
2480,3.931398391723633,18.054088592529297,-0.3478430509567261,1097,0.30306264758110046,-21.67,79,87563,87462,22.56,0.0003,0.89
2484,8.288009643554688,17.84161376953125,0.02232898771762848,1098,0.3011150658130646,-21.9,79,87680,87579,22.79,0.0003,0.89
2488,2.7809159755706787,18.21148681640625,-0.2520606815814972,1099,0.3012308180332184,-21.58,79,87711,87610,22.47,0.0003,0.89
2492,4.285064697265625,18.251657485961914,0.37105032801628113,1100,0.30156245827674866,-22.23,79,87823,87722,23.12,0.0003,0.89
2496,6.424724578857422,17.591520309448242,0.34320151805877686,1101,0.3035586476325989,-22.4,79,87879,87778,23.29,0.0003,0.89
2500,4.156523704528809,18.2153263092041,0.2924521267414093,1102,0.3059665560722351,-23.4,79,88021,87920,24.28,0.0003,0.88
2504,3.819770336151123,17.609642028808594,0.07547324895858765,1104,0.3053106665611267,-24.06,79,88134,88033,24.94,0.0003,0.88
2508,4.156425952911377,17.894784927368164,-0.14079801738262177,1104,0.306115984916687,-22.58,79,88155,88054,23.47,0.0003,0.89
2512,5.526009559631348,17.680744171142578,0.09131013602018356,1104,0.305904358625412,-22.52,79,88187,88086,23.41,0.0003,0.89
2516,8.024654388427734,16.637470245361328,0.2925602197647095,1105,0.3056832551956177,-21.69,79,88230,88129,22.59,0.0003,0.9
2520,3.1096577644348145,17.93890380859375,-0.07636936008930206,1105,0.3042837679386139,-21.8,79,88294,88193,22.7,0.0003,0.9
2524,3.2849934101104736,17.81684112548828,-0.022132858633995056,1106,0.3046630918979645,-21.78,79,88335,88234,22.68,0.0003,0.9
2528,5.270170211791992,17.522502899169922,-0.15410101413726807,1106,0.3028728663921356,-18.27,79,88377,88276,19.2,0.0003,0.93
2532,5.438113212585449,17.950077056884766,0.005333889275789261,1108,0.3042798936367035,-18.66,79,88475,88374,19.59,0.0003,0.93
2536,4.260416030883789,17.796520233154297,0.09217062592506409,1109,0.3056764304637909,-19.46,79,88605,88504,20.38,0.0003,0.92
2540,6.839348793029785,16.651386260986328,0.1216641217470169,1110,0.30506035685539246,-19.69,79,88672,88571,20.61,0.0003,0.92
2544,27.954025268554688,17.401935577392578,-0.18218892812728882,1111,0.30490344762802124,-18.07,79,88739,88638,19.01,0.0003,0.94
2548,8.134523391723633,17.66146469116211,-0.09688231348991394,1111,0.3039986789226532,-17.16,79,88774,88673,18.11,0.0003,0.95
2552,3.654850482940674,17.792098999023438,-0.21998979151248932,1112,0.3040945827960968,-17.25,79,88818,88717,18.2,0.0003,0.95
2556,4.426926612854004,17.646291732788086,-0.43059736490249634,1112,0.3035203218460083,-17.33,79,88862,88761,18.28,0.0003,0.95
2560,3.3528237342834473,17.630836486816406,0.17492114007472992,1113,0.3043382167816162,-16.46,79,88912,88811,17.42,0.0003,0.96
2564,5.649014949798584,17.532981872558594,-0.23214204609394073,1115,0.304618239402771,-17.19,79,89053,88952,18.14,0.0003,0.95
2568,2.988739252090454,18.36001968383789,-0.10347828269004822,1115,0.30339252948760986,-16.39,79,89100,88999,17.35,0.0003,0.96
2572,4.8247761726379395,18.314224243164062,-0.17526182532310486,1115,0.3027343451976776,-16.42,79,89129,89028,17.38,0.0003,0.96
2576,7.523632049560547,17.993698120117188,-0.27325528860092163,1116,0.3018195927143097,-16.11,79,89149,89048,17.07,0.0003,0.96
2580,2.2653355598449707,18.06045150756836,0.27566900849342346,1118,0.2996939718723297,-17.06,79,89365,89264,18.02,0.0003,0.96
2584,3.8623039722442627,18.383028030395508,0.15563660860061646,1119,0.29991284012794495,-16.14,79,89390,89289,17.1,0.0003,0.96
2588,8.56657886505127,17.662715911865234,0.1934659481048584,1119,0.3012690246105194,-16.25,79,89432,89331,17.21,0.0003,0.96
2592,5.615715980529785,17.477792739868164,0.07126809656620026,1121,0.3000812828540802,-16.42,79,89560,89459,17.37,0.0003,0.95
2596,11.770565032958984,18.193357467651367,-0.21072377264499664,1123,0.2986229956150055,-17.98,79,89770,89669,18.91,0.0003,0.93
2600,11.507183074951172,18.079578399658203,-0.1900215595960617,1124,0.2994992733001709,-17.76,79,89890,89789,18.69,0.0003,0.93
2604,7.365076541900635,17.185462951660156,-0.0035541951656341553,1125,0.2996314465999603,-17.43,79,89970,89869,18.36,0.0003,0.93
2608,11.214717864990234,17.42963981628418,-0.1654365360736847,1126,0.29949262738227844,-17.7,79,90018,89917,18.63,0.0003,0.93
2612,13.431755065917969,17.41912269592285,-0.06959491223096848,1126,0.3006346821784973,-17.63,79,90043,89942,18.56,0.0003,0.93
2616,3.433973789215088,17.254127502441406,-0.08090003579854965,1127,0.3013671636581421,-17.83,79,90106,90005,18.76,0.0003,0.93
2620,13.200334548950195,17.823333740234375,0.030682452023029327,1129,0.3037373125553131,-18.59,79,90246,90145,19.52,0.0003,0.93
2624,11.333402633666992,16.56665802001953,0.03975694254040718,1130,0.30194005370140076,-19.61,79,90388,90287,20.53,0.0003,0.92
2628,4.637186527252197,17.656877517700195,-0.08136538416147232,1131,0.30146241188049316,-19.48,79,90417,90316,20.4,0.0003,0.92
2632,9.885505676269531,18.480300903320312,-0.1810958981513977,1132,0.30561527609825134,-19.73,79,90539,90438,20.64,0.0003,0.91
2636,6.182359218597412,17.504924774169922,-0.29412010312080383,1134,0.3084046244621277,-19.93,79,90689,90588,20.84,0.0003,0.91
2640,4.355258941650391,17.57822036743164,-0.022092588245868683,1135,0.3085354268550873,-20.6,79,90822,90721,21.5,0.0003,0.9
2644,4.2333984375,16.763084411621094,0.42053255438804626,1137,0.30638328194618225,-21.14,79,90942,90841,22.03,0.0003,0.89
2648,6.486790657043457,17.703144073486328,0.10289131850004196,1138,0.30819016695022583,-22.04,79,91066,90965,22.92,0.0003,0.88
2652,2.45767879486084,18.26483726501465,-0.0011241622269153595,1140,0.3061213195323944,-22.83,79,91188,91087,23.7,0.0003,0.87
2656,5.350420951843262,17.041013717651367,-0.08171306550502777,1140,0.3062441647052765,-22.6,79,91209,91108,23.47,0.0003,0.87
2660,7.914133071899414,17.54853057861328,-0.10709255933761597,1141,0.30641329288482666,-22.6,79,91259,91158,23.47,0.0003,0.87
2664,4.448911666870117,17.498760223388672,-0.23741745948791504,1141,0.3044531047344208,-21.81,79,91322,91221,22.69,0.0003,0.88
2668,7.507007598876953,16.83409881591797,-0.023412838578224182,1143,0.304491251707077,-22.87,79,91474,91373,23.74,0.0003,0.87
2672,3.663741111755371,18.003055572509766,0.2634875178337097,1144,0.30697038769721985,-23.41,79,91557,91456,24.28,0.0003,0.87
2676,2.516313076019287,17.507078170776367,-0.4116722047328949,1147,0.3062571883201599,-25.35,79,91769,91668,26.2,0.0003,0.85
2680,3.9376087188720703,17.656169891357422,0.04715471714735031,1149,0.3064281642436981,-24.67,79,91917,91816,25.52,0.0003,0.85
2684,10.869438171386719,17.21347427368164,0.03500763326883316,1151,0.30642592906951904,-26.23,80,92097,91996,27.07,0.0003,0.84
2688,7.9823198318481445,17.667781829833984,0.07803335785865784,1151,0.30527380108833313,-26.51,80,92167,92066,27.35,0.0003,0.84
2692,2.6209230422973633,18.512083053588867,-0.09929032623767853,1152,0.30504104495048523,-25.63,80,92208,92107,26.48,0.0003,0.85
2696,4.940687656402588,17.118749618530273,0.14750805497169495,1153,0.3018611967563629,-24.29,80,92286,92185,25.16,0.0003,0.87
2700,5.8272881507873535,18.30157470703125,0.3111191987991333,1154,0.30137449502944946,-23.58,80,92336,92235,24.46,0.0003,0.88
2704,8.96603775024414,16.727924346923828,0.06121759116649628,1154,0.30245524644851685,-23.42,80,92400,92299,24.3,0.0003,0.88
2708,4.925541877746582,16.870872497558594,0.05042032152414322,1156,0.30612263083457947,-24.25,80,92530,92429,25.12,0.0003,0.87
2712,6.451972007751465,17.273393630981445,-0.1872497797012329,1156,0.3073333501815796,-24.24,80,92554,92453,25.11,0.0003,0.87
2716,7.644105911254883,18.05124282836914,-0.010013803839683533,1157,0.30861198902130127,-24.06,80,92599,92498,24.93,0.0003,0.87
2720,4.196185111999512,16.711265563964844,0.31967470049858093,1157,0.30761268734931946,-23.21,80,92654,92553,24.08,0.0003,0.87
2724,3.8041138648986816,16.628881454467773,-0.15210138261318207,1158,0.30844372510910034,-22.24,80,92700,92599,23.12,0.0003,0.88
2728,6.658113479614258,16.85207748413086,0.27571579813957214,1159,0.30781233310699463,-23.25,80,92829,92728,24.12,0.0003,0.87
2732,4.1224870681762695,16.960357666015625,0.05391961336135864,1161,0.3060368597507477,-23.14,80,92940,92839,24.01,0.0003,0.87
2736,3.818011999130249,18.13629150390625,-0.21814659237861633,1163,0.30977967381477356,-23.25,80,93101,93000,24.12,0.0003,0.87
2740,4.696392059326172,17.682485580444336,0.29659679532051086,1163,0.3091692626476288,-22.51,80,93161,93060,23.39,0.0003,0.88
2744,9.160907745361328,17.328083038330078,0.0658329576253891,1164,0.3114883601665497,-21.96,80,93227,93126,22.85,0.0003,0.89
2748,8.24211597442627,18.01288414001465,-0.4383416175842285,1164,0.31175023317337036,-20.82,80,93238,93137,21.72,0.0003,0.9
2752,6.499665260314941,17.033248901367188,-0.058393072336912155,1166,0.3136901557445526,-20.77,80,93355,93254,21.67,0.0003,0.9
2756,6.076262474060059,17.631868362426758,0.08444733917713165,1166,0.31253382563591003,-20.97,80,93396,93295,21.87,0.0003,0.9
2760,10.444470405578613,17.099655151367188,-0.23943917453289032,1167,0.31165555119514465,-21.26,80,93475,93374,22.16,0.0003,0.9
2764,4.827305793762207,16.50409698486328,0.0509762167930603,1168,0.3094440698623657,-21.1,80,93522,93421,22.0,0.0003,0.9
2768,4.206973075866699,18.331432342529297,0.210479736328125,1169,0.3096352219581604,-20.84,80,93649,93548,21.75,0.0003,0.91
2772,3.8008298873901367,17.188861846923828,-0.00047601014375686646,1171,0.310085654258728,-21.31,80,93778,93677,22.21,0.0003,0.9
2776,9.473307609558105,17.691940307617188,0.17523284256458282,1173,0.30801069736480713,-20.66,80,93926,93825,21.57,0.0003,0.91
2780,10.753887176513672,17.12156867980957,0.03497406840324402,1173,0.3082132637500763,-19.55,80,93964,93863,20.47,0.0003,0.92
2784,4.878239631652832,17.45282745361328,-0.040420010685920715,1173,0.3078131079673767,-17.9,80,93980,93879,18.83,0.0003,0.93
2788,2.8069567680358887,18.13180923461914,-0.0677209198474884,1174,0.30828991532325745,-17.94,80,94054,93953,18.87,0.0003,0.93
2792,4.126450538635254,17.165542602539062,-0.028694629669189453,1175,0.3078288733959198,-17.99,80,94100,93999,18.92,0.0003,0.93
2796,4.407186508178711,16.46140480041504,0.14789927005767822,1177,0.3089132606983185,-19.52,80,94329,94228,20.43,0.0003,0.91
2800,8.331594467163086,16.968929290771484,0.16198551654815674,1178,0.30939018726348877,-19.37,80,94364,94263,20.28,0.0003,0.91
2804,4.233185768127441,17.799335479736328,0.05369211733341217,1178,0.3100009262561798,-18.91,80,94382,94281,19.82,0.0003,0.91
2808,14.856559753417969,17.412532806396484,0.18582721054553986,1179,0.3122650384902954,-18.37,80,94459,94358,19.29,0.0003,0.92
2812,5.202441215515137,16.29597282409668,-0.07690129429101944,1179,0.31315287947654724,-18.58,80,94504,94403,19.5,0.0003,0.92
2816,6.726017475128174,17.092927932739258,0.08906185626983643,1180,0.313553124666214,-18.45,80,94536,94435,19.37,0.0003,0.92
2820,5.503139495849609,17.20827293395996,0.0750427171587944,1182,0.31500867009162903,-19.42,80,94687,94586,20.33,0.0003,0.91
2824,4.522617340087891,17.029584884643555,0.3287041485309601,1183,0.3138781189918518,-20.26,80,94816,94715,21.16,0.0003,0.9
2828,3.7806265354156494,17.280473709106445,-0.05840364843606949,1185,0.3154909610748291,-20.71,80,94990,94889,21.61,0.0003,0.9
2832,11.874700546264648,16.891878128051758,-0.20779578387737274,1187,0.3148649334907532,-21.12,80,95142,95041,22.02,0.0003,0.9
2836,2.9858832359313965,16.786266326904297,0.22511519491672516,1188,0.3153180181980133,-20.69,80,95260,95159,21.59,0.0003,0.9
2840,5.480799198150635,18.141111373901367,0.15522848069667816,1189,0.31614482402801514,-20.41,80,95292,95191,21.31,0.0003,0.9
2844,4.261713981628418,17.742300033569336,0.01425553485751152,1190,0.3155805170536041,-21.07,80,95423,95322,21.96,0.0003,0.89
2848,5.735368728637695,16.891990661621094,0.3693801462650299,1192,0.3156262934207916,-21.94,80,95521,95420,22.83,0.0003,0.89
2852,4.288518905639648,16.091156005859375,0.3075547218322754,1193,0.31630539894104004,-21.68,80,95613,95512,22.58,0.0003,0.9
2856,3.011941432952881,17.344907760620117,-0.38939258456230164,1193,0.3176153898239136,-21.88,80,95674,95573,22.78,0.0003,0.9
2860,12.21257495880127,17.2657413482666,0.07271994650363922,1194,0.3182872533798218,-21.35,80,95700,95599,22.25,0.0003,0.9
2864,11.580460548400879,16.909786224365234,-0.08106397837400436,1194,0.31967902183532715,-21.36,80,95748,95647,22.26,0.0003,0.9
2868,5.550930500030518,16.774795532226562,0.1950509250164032,1196,0.3194270431995392,-21.44,80,95882,95781,22.33,0.0003,0.89
2872,8.338047981262207,16.66269874572754,0.27193644642829895,1197,0.3210587203502655,-20.81,80,95949,95848,21.71,0.0003,0.9
2876,5.8063225746154785,18.099323272705078,0.19884270429611206,1197,0.3203316032886505,-19.88,80,96005,95904,20.79,0.0003,0.91
2880,4.213693141937256,17.471681594848633,0.14540600776672363,1198,0.31917309761047363,-20.03,80,96058,95957,20.94,0.0003,0.91
2884,8.279779434204102,17.380794525146484,-0.26894670724868774,1199,0.31871017813682556,-20.63,80,96134,96033,21.54,0.0003,0.91
2888,5.2483062744140625,18.04437828063965,-0.11258421093225479,1199,0.31688976287841797,-20.24,80,96169,96068,21.15,0.0003,0.91
2892,3.9849870204925537,17.24859619140625,0.15389171242713928,1200,0.3166680634021759,-20.17,80,96208,96107,21.08,0.0003,0.91
2896,2.9914603233337402,17.085987091064453,-0.28691208362579346,1200,0.316838800907135,-18.25,80,96247,96146,19.18,0.0003,0.93
2900,6.234410762786865,17.025938034057617,-0.045771524310112,1201,0.31756797432899475,-18.21,80,96278,96177,19.14,0.0003,0.93
2904,3.5158612728118896,16.977127075195312,0.02467767894268036,1201,0.3181663751602173,-18.51,80,96326,96225,19.44,0.0003,0.93
2908,3.8928136825561523,17.65949249267578,0.14158380031585693,1203,0.31712472438812256,-19.11,80,96462,96361,20.03,0.0003,0.92
2912,6.548529624938965,17.19026756286621,0.10554282367229462,1204,0.31711065769195557,-19.44,80,96540,96439,20.36,0.0003,0.92
2916,3.6125423908233643,18.09038543701172,-0.017893489450216293,1205,0.3181973993778229,-19.82,80,96610,96509,20.74,0.0003,0.92
2920,4.5113115310668945,17.247926712036133,0.21690556406974792,1205,0.3169824481010437,-18.63,80,96643,96542,19.56,0.0003,0.93
2924,13.307766914367676,17.395954132080078,-0.21592101454734802,1207,0.3132452666759491,-18.91,80,96800,96699,19.84,0.0003,0.93
2928,6.980267524719238,18.032983779907227,-0.14221039414405823,1208,0.3142237067222595,-18.34,80,96917,96816,19.27,0.0003,0.93
2932,7.466265678405762,16.464656829833984,0.03991173207759857,1211,0.3185610771179199,-18.96,80,97130,97029,19.88,0.0003,0.92
2936,2.5966849327087402,17.25162124633789,-0.046723201870918274,1214,0.3198685646057129,-19.94,80,97345,97244,20.85,0.0003,0.91
2940,7.186549186706543,17.672805786132812,0.05831863731145859,1216,0.3201281726360321,-21.43,80,97525,97424,22.33,0.0003,0.9
2944,8.167014122009277,17.396469116210938,-0.07764920592308044,1217,0.3231563866138458,-21.39,80,97653,97552,22.3,0.0003,0.91
2948,4.996570587158203,16.399179458618164,0.1467936486005783,1218,0.32318368554115295,-20.76,80,97688,97587,21.67,0.0003,0.91
2952,4.359176158905029,16.659849166870117,0.04151522368192673,1218,0.3244040906429291,-20.44,80,97748,97647,21.35,0.0003,0.91
2956,2.9063425064086914,15.136479377746582,0.09961317479610443,1219,0.3249427378177643,-20.11,80,97776,97675,21.02,0.0003,0.91
2960,3.839590549468994,18.245166778564453,0.022807838395237923,1219,0.3242480158805847,-20.41,80,97832,97731,21.32,0.0003,0.91
2964,5.144685745239258,16.822265625,-0.060147300362586975,1221,0.3186698853969574,-21.22,80,97960,97859,22.12,0.0003,0.9
2968,3.702092170715332,17.55072784423828,0.08943957090377808,1221,0.31762635707855225,-20.16,80,97989,97888,21.07,0.0003,0.91
2972,5.099582672119141,17.465778350830078,0.060203418135643005,1222,0.3196679353713989,-19.93,80,98033,97932,20.84,0.0003,0.91
2976,12.07685661315918,17.881105422973633,-0.2202647477388382,1223,0.32015061378479004,-20.1,80,98106,98005,21.01,0.0003,0.91
2980,4.050188064575195,17.748254776000977,0.13175801932811737,1223,0.31961455941200256,-19.92,80,98141,98040,20.83,0.0003,0.91
2984,5.757011413574219,17.324960708618164,-0.04528959095478058,1225,0.320670485496521,-20.43,80,98267,98166,21.33,0.0003,0.9
2988,6.788117408752441,17.185138702392578,-0.01509028673171997,1225,0.3201129138469696,-20.79,80,98338,98237,21.69,0.0003,0.9
2992,9.62820816040039,16.908727645874023,-0.08239240944385529,1227,0.31851592659950256,-21.85,80,98482,98381,22.74,0.0003,0.89
2996,10.358283042907715,18.025737762451172,-0.20540720224380493,1228,0.3196673095226288,-21.77,80,98513,98412,22.66,0.0003,0.89
3000,5.738158226013184,16.464866638183594,0.13969142735004425,1230,0.318934828042984,-23.29,80,98695,98594,24.17,0.0003,0.88
3004,7.114749908447266,16.187013626098633,-0.2776698172092438,1230,0.31943845748901367,-23.35,80,98749,98648,24.23,0.0003,0.88
3008,4.885223865509033,16.604991912841797,0.19914908707141876,1231,0.31973567605018616,-22.2,80,98771,98670,23.09,0.0003,0.89
3012,5.209301948547363,16.932025909423828,-0.2696220278739929,1232,0.3239622712135315,-22.49,80,98878,98777,23.38,0.0003,0.89
3016,3.0152533054351807,18.154727935791016,-0.025272488594055176,1232,0.3244601786136627,-22.03,80,98902,98801,22.92,0.0003,0.89
3020,3.662161111831665,17.0953426361084,0.17703965306282043,1235,0.3218412399291992,-23.84,80,99114,99013,24.71,0.0003,0.87
3024,9.160993576049805,16.842756271362305,0.030098766088485718,1237,0.32048216462135315,-23.82,80,99269,99168,24.69,0.0003,0.87
3028,7.4020562171936035,16.266788482666016,-0.16096410155296326,1237,0.32141613960266113,-23.08,80,99313,99212,23.96,0.0003,0.88
3032,6.344542503356934,16.368236541748047,0.02000131458044052,1237,0.3207229971885681,-21.14,80,99334,99233,22.04,0.0003,0.9
3036,6.520022392272949,17.227741241455078,0.015778664499521255,1238,0.32138901948928833,-19.47,80,99384,99283,20.39,0.0003,0.92
3040,6.477677345275879,17.128555297851562,0.12866391241550446,1239,0.32140350341796875,-18.08,80,99426,99325,19.01,0.0003,0.93
3044,4.0244340896606445,16.706249237060547,-0.08344964683055878,1241,0.3234461843967438,-18.54,80,99599,99498,19.46,0.0003,0.92
3048,3.816375494003296,16.797649383544922,-0.008523404598236084,1242,0.3239240050315857,-19.29,80,99709,99608,20.21,0.0003,0.92
3052,5.521579742431641,16.72515296936035,0.00629178062081337,1243,0.3206136226654053,-19.37,80,99777,99676,20.29,0.0003,0.92
3056,4.376448631286621,16.409547805786133,-0.06630769371986389,1244,0.32179754972457886,-20.07,80,99875,99774,20.99,0.0003,0.92
